,,総数,0歳,1歳,2歳,3歳,4歳,1〜4歳,0〜4歳,5〜9歳,10〜14歳,15〜19歳,20〜24歳,25〜29歳,30〜34歳,35〜39歳,40〜44歳,45〜49歳,50〜54歳,55〜59歳,60〜64歳,65〜69歳,70〜74歳,75〜79歳,80〜84歳,85〜89歳,90〜94歳,95〜99歳,100歳以上,（再掲）65歳以上,（再掲）75歳以上,（再掲）80歳以上,（再掲）85歳以上
　死亡総数,総数,1300.4,182.3,27.6,16.3,13.7,11.4,17.0,47.0,7.2,9.1,24.1,37.6,39.4,47.4,65.6,93.7,147.3,236.9,360.6,566.8,908.3,1526.0,2397.1,4225.7,8092.3,14744.4,26530.9,45917.2,4014.2,6232.3,8503.1,12257.0
,男,1362.5,186.8,28.7,17.9,15.1,10.5,17.8,48.5,7.7,9.8,27.5,46.2,51.5,61.3,83.8,116.0,184.5,299.5,481.7,787.8,1302.7,2212.8,3444.7,5953.5,11064.1,19476.9,33000.8,48454.5,4585.1,7279.5,10069.0,14744.5
,女,1241.7,177.6,26.3,14.7,12.2,12.2,16.2,45.5,6.6,8.4,20.5,28.6,26.9,32.9,46.7,70.7,108.9,172.8,238.4,348.9,533.4,911.9,1538.8,2989.4,6391.8,12870.0,24899.8,44958.4,3576.8,5540.8,7597.0,11074.6
01000　感染症及び寄生虫症　　　　　　　　　　　　　　　　　　　　　　　　　　　,総数,20.0,5.2,1.9,1.4,1.0,0.5,1.2,1.9,0.4,0.2,0.2,0.2,0.3,0.4,0.9,1.1,1.7,2.7,5.0,7.5,13.6,24.7,41.0,75.8,141.8,209.8,295.3,294.3,62.6,97.1,130.3,178.2
,男,20.2,4.0,1.0,1.2,0.7,0.2,0.8,1.4,0.4,0.3,0.2,0.1,0.3,0.5,1.2,1.4,2.4,3.8,7.0,10.1,19.1,31.6,53.1,95.1,177.2,274.5,415.0,427.3,69.0,110.7,152.6,217.9
,女,19.8,6.5,2.9,1.5,1.2,0.7,1.6,2.5,0.3,0.2,0.2,0.2,0.2,0.2,0.6,0.7,1.0,1.5,3.0,4.9,8.4,18.4,31.1,61.9,121.5,184.2,265.1,271.4,57.8,88.1,117.4,159.3
01100　　腸管感染症　　　　　　　　　　　　　　　　　　　　　　　　　　　　　　,総数,1.8,0.5,0.9,-,0.1,0.2,0.3,0.3,0.1,0.1,-,0.0,0.1,0.0,0.1,0.0,0.1,0.2,0.4,0.5,0.8,1.7,2.6,6.0,13.2,22.9,38.6,42.5,5.6,9.0,12.8,18.8
,男,1.7,0.3,0.5,-,-,-,0.1,0.1,0.2,0.1,-,-,0.0,0.1,0.1,0.1,0.1,0.2,0.5,0.7,1.1,2.4,3.5,8.5,15.9,26.0,45.0,27.3,5.8,9.6,14.0,20.3
,女,1.9,0.8,1.3,-,0.2,0.5,0.5,0.6,0.1,0.0,-,0.0,0.1,-,0.1,-,0.1,0.1,0.2,0.2,0.6,1.0,1.9,4.2,11.6,21.7,37.0,44.2,5.4,8.6,12.1,18.1
01200　　結核　　　　　　　　　　　　　　　　　　　　　　　　　　　　　　　　　,総数,1.3,-,-,-,-,-,-,-,-,-,-,-,-,0.0,-,0.0,0.0,0.1,0.1,0.2,0.3,1.1,2.1,4.0,11.0,20.4,26.8,25.3,4.3,7.2,10.1,15.5
,男,1.6,-,-,-,-,-,-,-,-,-,-,-,-,-,-,0.1,0.1,0.1,0.2,0.3,0.6,1.8,3.3,6.5,16.9,37.9,60.0,63.6,5.8,10.2,15.2,25.2
,女,1.1,-,-,-,-,-,-,-,-,-,-,-,-,0.0,-,0.0,-,0.0,-,0.1,0.1,0.5,1.2,2.3,7.7,13.4,18.5,19.5,3.2,5.1,7.2,10.9
01201　　　呼吸器結核　　　　　　　　　　　　　　　　　　　　　　　　　　　　　,総数,1.1,-,-,-,-,-,-,-,-,-,-,-,-,0.0,-,0.0,0.0,0.1,0.1,0.2,0.3,0.9,1.6,3.4,9.4,17.5,24.2,24.1,3.7,6.1,8.7,13.4
,男,1.4,-,-,-,-,-,-,-,-,-,-,-,-,-,-,0.1,0.0,0.1,0.1,0.3,0.5,1.5,2.6,5.9,15.2,35.3,57.5,63.6,5.2,9.2,14.0,23.2
,女,0.8,-,-,-,-,-,-,-,-,-,-,-,-,0.0,-,-,-,0.0,-,0.1,0.1,0.4,0.8,1.7,6.0,10.4,15.8,18.2,2.5,4.0,5.7,8.6
01202　　　その他の結核　　　　　　　　　　　　　　　　　　　　　　　　　　　　,総数,0.2,-,-,-,-,-,-,-,-,-,-,-,-,-,-,0.0,0.0,0.0,0.0,0.0,0.1,0.2,0.5,0.6,1.7,2.9,2.7,1.1,0.7,1.1,1.4,2.1
,男,0.2,-,-,-,-,-,-,-,-,-,-,-,-,-,-,-,0.0,-,0.0,0.0,0.1,0.2,0.7,0.6,1.7,2.6,2.5,-,0.6,1.0,1.2,1.9
,女,0.2,-,-,-,-,-,-,-,-,-,-,-,-,-,-,0.0,-,0.0,-,-,0.0,0.2,0.4,0.6,1.7,3.0,2.7,1.3,0.7,1.1,1.5,2.2
01300　　敗血症　　　　　　　　　　　　　　　　　　　　　　　　　　　　　　　　,総数,9.6,3.2,0.4,0.4,0.2,0.1,0.3,0.8,0.2,0.0,0.1,0.1,0.1,0.2,0.4,0.7,0.8,1.4,2.4,3.4,6.5,11.3,19.4,36.4,68.9,99.5,148.2,139.1,30.0,46.8,62.9,86.2
,男,9.8,2.7,0.2,0.5,-,-,0.2,0.6,0.2,0.0,0.1,0.1,0.1,0.3,0.4,0.8,1.2,1.9,3.5,4.6,9.2,15.0,26.5,46.5,88.3,128.2,189.2,181.8,33.5,54.0,74.0,105.2
,女,9.4,3.7,0.5,0.3,0.5,0.2,0.4,1.0,0.2,0.0,0.1,0.1,0.1,0.1,0.4,0.5,0.4,0.9,1.4,2.2,3.9,8.0,13.7,29.1,57.8,88.1,137.8,131.2,27.3,42.0,56.5,77.2
01400　　ウイルス性肝炎　　　　　　　　　　　　　　　　　　　　　　　　　　　　,総数,1.4,-,-,-,-,-,-,-,-,-,-,-,-,0.0,0.1,0.1,0.3,0.3,0.7,1.2,1.5,2.2,2.6,4.1,9.2,12.5,12.2,5.7,4.0,5.7,7.5,10.4
,男,1.3,-,-,-,-,-,-,-,-,-,-,-,-,0.0,0.1,0.1,0.3,0.4,1.1,1.8,2.3,2.6,3.1,3.9,9.1,13.4,15.8,-,3.9,5.4,7.0,10.6
,女,1.4,-,-,-,-,-,-,-,-,-,-,-,-,-,-,0.0,0.2,0.1,0.3,0.5,0.8,1.9,2.3,4.1,9.2,12.2,11.3,6.5,4.0,5.9,7.7,10.4
01401　　　Ｂ型ウイルス性肝炎　　　　　　　　　　　　　　　　　　　　　　　　　,総数,0.3,-,-,-,-,-,-,-,-,-,-,-,-,0.0,0.0,0.0,0.1,0.1,0.2,0.3,0.5,0.5,0.8,1.0,1.3,1.2,2.2,1.1,0.8,1.0,1.2,1.3
,男,0.3,-,-,-,-,-,-,-,-,-,-,-,-,0.0,0.1,0.1,0.1,0.2,0.4,0.5,0.7,0.6,1.1,1.1,1.7,1.4,3.3,-,1.0,1.3,1.4,1.7
,女,0.2,-,-,-,-,-,-,-,-,-,-,-,-,-,-,-,0.0,-,0.1,0.1,0.3,0.4,0.6,0.8,1.0,1.2,1.9,1.3,0.7,0.9,1.0,1.2
01402　　　Ｃ型ウイルス性肝炎　　　　　　　　　　　　　　　　　　　　　　　　　,総数,0.9,-,-,-,-,-,-,-,-,-,-,-,-,-,0.0,0.0,0.1,0.1,0.4,0.7,0.8,1.4,1.5,2.6,7.0,10.2,8.7,3.4,2.7,4.0,5.5,8.1
,男,0.8,-,-,-,-,-,-,-,-,-,-,-,-,-,0.1,0.1,0.2,0.3,0.6,1.1,1.3,1.6,1.7,2.2,6.4,10.8,10.8,-,2.5,3.5,4.8,7.8
,女,1.0,-,-,-,-,-,-,-,-,-,-,-,-,-,-,-,0.1,0.0,0.2,0.3,0.4,1.2,1.4,2.8,7.3,9.9,8.2,3.9,2.9,4.4,5.9,8.2
01403　　　その他のウイルス性肝炎　　　　　　　　　　　　　　　　　　　　　　　,総数,0.2,-,-,-,-,-,-,-,-,-,-,-,-,-,-,0.0,0.1,0.0,0.0,0.1,0.2,0.4,0.3,0.5,0.9,1.1,1.3,1.1,0.5,0.6,0.8,1.0
,男,0.2,-,-,-,-,-,-,-,-,-,-,-,-,-,-,0.0,0.0,0.0,0.1,0.2,0.3,0.5,0.3,0.6,0.9,1.2,1.7,-,0.5,0.6,0.8,1.0
,女,0.2,-,-,-,-,-,-,-,-,-,-,-,-,-,-,0.0,0.1,0.0,-,0.1,0.1,0.3,0.3,0.5,0.9,1.1,1.3,1.3,0.4,0.6,0.8,1.0
01500　　ヒト免疫不全ウイルス［ＨＩＶ］病　　　　　　　　　　　　　　　　　　　,総数,0.1,-,-,-,-,-,-,-,-,-,-,-,0.1,-,0.1,0.0,0.1,0.1,0.0,0.1,0.1,0.0,0.1,0.1,0.1,0.0,-,-,0.1,0.1,0.1,0.0
,男,0.1,-,-,-,-,-,-,-,-,-,-,-,0.1,-,0.2,0.1,0.1,0.2,0.1,0.3,0.2,0.1,0.1,0.1,0.1,0.2,-,-,0.1,0.1,0.1,0.1
,女,0.0,-,-,-,-,-,-,-,-,-,-,-,-,-,-,-,-,-,-,-,0.0,-,-,0.0,0.0,-,-,-,0.0,0.0,0.0,0.0
01600　　その他の感染症及び寄生虫症　　　　　　　　　　　　　　　　　　　　　　,総数,5.9,1.5,0.6,1.0,0.6,0.1,0.6,0.7,0.1,0.1,0.1,0.1,0.1,0.1,0.3,0.2,0.4,0.7,1.3,2.1,4.2,8.3,14.2,25.2,39.4,54.4,69.5,81.6,18.7,28.5,36.9,47.2
,男,5.7,1.1,0.2,0.7,0.7,0.2,0.5,0.6,0.1,0.2,0.1,0.1,0.1,0.1,0.3,0.3,0.6,1.0,1.6,2.4,5.6,9.7,16.7,29.6,46.9,68.8,105.0,154.5,19.9,31.5,42.2,56.6
,女,6.1,2.0,1.1,1.3,0.5,-,0.7,0.9,0.1,0.1,0.1,0.1,0.0,0.1,0.2,0.1,0.2,0.4,1.0,1.9,2.9,7.0,12.1,22.1,35.1,48.7,60.5,70.1,17.7,26.5,33.9,42.7
02000　新生物＜腫瘍＞　　　　　　　　　　　　　　　　　　　　　　　　　　　　　,総数,326.9,1.4,1.4,1.4,2.1,2.7,1.9,1.8,2.0,1.8,2.3,3.1,4.0,7.7,14.7,26.1,45.4,83.7,139.1,238.9,398.3,643.3,887.7,1230.6,1732.3,2118.2,2311.4,2003.4,974.4,1328.8,1589.9,1905.2
,男,388.2,1.1,1.5,1.0,2.2,3.2,2.0,1.8,2.2,2.0,2.9,3.4,4.4,6.6,11.7,20.7,37.4,76.4,146.5,289.4,529.4,898.8,1281.8,1797.7,2596.2,3357.8,3871.7,3236.4,1310.7,1872.6,2302.4,2875.8
,女,268.9,1.7,1.3,1.8,2.0,2.2,1.8,1.8,1.9,1.6,1.7,2.8,3.5,8.9,17.7,31.7,53.7,91.2,131.8,189.2,273.6,414.7,564.9,824.8,1238.0,1626.0,1918.1,1801.3,716.7,969.6,1177.6,1443.9
02100　　悪性新生物＜腫瘍＞　　　　　　　　　　　　　　　　　　　　　　　　　　,総数,315.6,0.4,1.3,1.1,2.0,2.6,1.7,1.5,1.7,1.6,2.2,2.9,3.8,7.3,14.1,25.3,44.2,81.7,136.5,234.4,389.9,628.9,864.5,1187.8,1654.7,2000.0,2154.2,1844.8,939.3,1274.8,1517.6,1807.1
,男,375.8,0.3,1.5,1.0,2.2,3.2,2.0,1.7,1.9,1.6,2.6,3.2,4.2,6.0,11.0,19.8,36.2,74.2,143.1,283.6,517.4,878.7,1248.4,1736.2,2488.9,3191.7,3646.7,3027.3,1267.9,1804.4,2208.7,2745.6
,女,258.7,0.6,1.1,1.3,1.7,1.9,1.5,1.3,1.6,1.5,1.7,2.6,3.3,8.7,17.3,31.0,52.6,89.5,129.7,185.9,268.7,405.7,550.0,795.5,1177.4,1526.7,1777.9,1651.9,687.4,925.1,1117.7,1360.9
02101　　　口唇，口腔及び咽頭の悪性新生物＜腫瘍＞　　　　　　　　　　　　　　　,総数,7.1,-,-,-,-,-,-,-,-,-,0.0,0.1,0.1,0.2,0.4,0.7,1.2,2.4,3.9,7.3,10.5,14.3,19.0,25.3,31.9,40.3,45.1,37.9,20.3,26.5,30.8,35.7
,男,10.4,-,-,-,-,-,-,-,-,-,0.0,0.1,0.1,0.3,0.6,0.9,1.5,3.3,6.3,12.2,18.5,25.6,33.7,45.0,50.7,64.4,70.8,45.5,32.9,43.1,49.9,55.4
,女,3.9,-,-,-,-,-,-,-,-,-,0.0,0.0,0.1,0.1,0.2,0.5,0.9,1.4,1.5,2.4,2.9,4.1,7.1,11.1,21.2,30.8,38.7,36.4,10.6,15.5,19.8,26.4
02102　　　食道の悪性新生物＜腫瘍＞　　　　　　　　　　　　　　　　　　　　　　,総数,8.9,-,-,-,-,-,-,-,-,-,-,-,0.0,-,0.1,0.3,1.1,2.2,4.9,9.0,15.1,22.4,28.7,34.2,34.3,31.1,23.2,18.4,26.0,31.5,33.1,32.1
,男,14.7,-,-,-,-,-,-,-,-,-,-,-,0.0,-,0.1,0.3,1.3,3.3,7.3,14.9,26.0,40.6,53.8,66.9,73.0,69.9,53.3,54.5,48.4,62.5,68.8,71.0
,女,3.4,-,-,-,-,-,-,-,-,-,-,-,-,-,0.1,0.3,0.9,1.1,2.5,3.2,4.6,6.1,8.1,10.9,12.2,15.7,15.5,13.0,8.7,11.0,12.5,13.7
02103　　　胃の悪性新生物＜腫瘍＞　　　　　　　　　　　　　　　　　　　　　　　,総数,32.0,-,-,-,-,-,-,-,-,-,0.1,0.1,0.3,0.9,1.4,1.9,3.4,5.6,10.1,19.3,37.8,62.9,88.1,123.7,180.6,224.9,236.4,152.9,98.2,135.6,163.7,198.7
,男,43.0,-,-,-,-,-,-,-,-,-,0.1,0.1,0.2,0.8,1.3,2.0,3.7,7.0,13.8,28.3,58.8,98.6,143.5,203.1,303.6,380.9,418.3,218.2,147.6,212.5,262.7,330.4
,女,21.6,-,-,-,-,-,-,-,-,-,0.0,0.1,0.4,1.1,1.4,1.9,3.1,4.1,6.4,10.4,17.8,31.0,42.7,66.9,110.2,163.0,190.5,141.6,60.3,84.8,106.4,136.2
02104　　　結腸の悪性新生物＜腫瘍＞　　　　　　　　　　　　　　　　　　　　　　,総数,30.9,-,-,-,-,-,-,-,0.0,0.0,0.0,0.2,0.3,0.7,1.5,2.5,3.9,7.9,13.4,21.1,35.3,57.3,74.5,106.3,167.8,248.6,324.8,288.5,92.4,128.5,160.5,208.0
,男,30.8,-,-,-,-,-,-,-,0.0,0.0,0.0,0.2,0.3,0.7,1.4,2.4,3.7,8.4,15.0,25.8,44.4,73.4,93.8,128.0,194.9,280.2,385.0,418.2,101.3,141.1,175.6,229.6
,女,30.9,-,-,-,-,-,-,-,-,-,0.0,0.1,0.3,0.8,1.7,2.6,4.1,7.4,11.8,16.4,26.6,42.9,58.7,90.9,152.3,236.2,309.7,266.2,85.6,120.2,151.8,197.8
02105　　　直腸Ｓ状結腸移行部及び直腸の悪性新生物＜腫瘍＞　　　　　　　　　　　,総数,13.0,-,-,-,-,-,-,-,-,-,-,0.0,0.1,0.2,0.8,1.4,2.6,5.4,8.6,14.7,21.3,31.1,34.5,41.3,52.1,59.6,70.8,67.8,36.2,43.8,49.3,56.3
,男,16.6,-,-,-,-,-,-,-,-,-,-,0.0,0.1,0.3,1.0,1.6,3.3,6.8,11.5,20.3,30.0,46.8,52.9,61.5,75.7,84.2,98.3,109.1,51.1,62.7,69.9,79.4
,女,9.5,-,-,-,-,-,-,-,-,-,-,-,0.0,0.2,0.7,1.2,1.9,3.8,5.7,9.1,13.1,17.1,19.4,26.9,38.5,49.9,63.9,61.0,24.7,31.3,37.3,45.2
02106　　　肝及び肝内胆管の悪性新生物＜腫瘍＞　　　　　　　　　　　　　　　　　,総数,18.9,-,-,-,-,0.2,0.1,0.0,0.0,0.0,-,0.0,0.1,0.2,0.2,0.6,1.3,3.0,6.0,13.1,22.8,37.6,50.8,76.2,112.5,124.6,112.1,103.4,58.2,80.1,97.4,116.0
,男,25.8,-,-,-,-,-,-,-,-,0.0,-,0.0,0.2,0.2,0.1,0.8,2.0,4.6,9.7,21.7,37.3,60.2,81.7,121.5,180.2,219.4,205.8,200.0,87.4,123.9,154.7,192.3
,女,12.3,-,-,-,-,0.5,0.1,0.1,0.0,-,-,0.0,-,0.1,0.3,0.4,0.6,1.3,2.2,4.6,9.0,17.4,25.6,43.8,73.7,86.9,88.4,88.3,35.8,51.2,64.3,79.8
02107　　　胆のう及びその他の胆道の悪性新生物＜腫瘍＞　　　　　　　　　　　　　,総数,14.2,-,-,-,-,-,-,-,-,-,-,-,-,0.1,0.2,0.3,0.6,1.4,3.0,6.5,12.2,23.4,35.9,60.1,95.0,120.6,135.2,133.3,45.2,66.8,85.0,106.9
,男,15.7,-,-,-,-,-,-,-,-,-,-,-,-,0.1,0.2,0.5,0.6,1.7,3.7,8.5,15.6,30.9,49.9,85.6,129.0,159.0,183.3,127.3,55.1,85.4,111.2,140.1
,女,12.9,-,-,-,-,-,-,-,-,-,-,-,-,-,0.2,0.2,0.5,1.1,2.3,4.5,9.0,16.7,24.5,41.8,75.5,105.3,123.1,132.5,37.6,54.5,69.9,91.1
02108　　　膵の悪性新生物＜腫瘍＞　　　　　　　　　　　　　　　　　　　　　　　,総数,33.1,-,-,-,-,-,-,-,-,-,0.0,-,0.1,0.2,0.5,1.6,3.4,8.4,15.9,27.1,45.7,71.8,99.8,130.0,159.3,173.6,165.6,126.4,98.9,130.1,148.0,163.8
,男,33.7,-,-,-,-,-,-,-,-,-,0.0,-,0.1,0.2,0.6,2.0,4.3,10.0,19.6,34.5,55.7,87.4,117.0,147.4,179.5,191.0,154.2,90.9,108.9,143.7,163.0,180.7
,女,32.6,-,-,-,-,-,-,-,-,-,-,-,0.1,0.1,0.3,1.1,2.5,6.7,12.2,19.7,36.3,57.8,85.7,117.5,147.8,166.8,168.5,129.9,91.2,121.1,139.3,155.8
02109　　　喉頭の悪性新生物＜腫瘍＞　　　　　　　　　　　　　　　　　　　　　　,総数,0.7,-,-,-,-,-,-,-,-,-,-,-,-,-,0.0,-,0.0,0.0,0.2,0.5,1.0,1.4,2.0,2.7,3.4,4.2,2.2,1.1,2.0,2.7,3.1,3.5
,男,1.2,-,-,-,-,-,-,-,-,-,-,-,-,-,0.0,-,0.0,0.1,0.3,0.9,1.8,2.8,4.2,6.0,8.0,12.6,10.0,-,4.2,6.1,7.5,9.3
,女,0.1,-,-,-,-,-,-,-,-,-,-,-,-,-,-,-,-,-,0.0,0.2,0.2,0.1,0.3,0.3,0.8,0.8,0.2,1.3,0.3,0.5,0.5,0.7
02110　　　気管，気管支及び肺の悪性新生物＜腫瘍＞　　　　　　　　　　　　　　　,総数,62.5,-,-,-,-,-,-,-,-,-,-,0.1,0.1,0.3,0.9,1.8,4.1,9.2,18.8,41.3,80.5,143.0,201.2,251.0,311.1,340.1,358.6,267.8,193.6,256.8,289.7,323.6
,男,89.8,-,-,-,-,-,-,-,-,-,-,0.1,0.1,0.2,1.0,1.9,5.4,12.5,26.9,61.9,128.3,232.9,332.2,427.5,550.2,665.2,772.5,618.2,310.8,432.5,505.4,593.9
,女,36.7,-,-,-,-,-,-,-,-,-,-,-,-,0.4,0.7,1.7,2.7,5.8,10.6,21.0,35.1,62.7,93.8,124.8,174.3,210.8,254.2,214.3,103.7,140.7,164.8,195.1
02111　　　皮膚の悪性新生物＜腫瘍＞　　　　　　　　　　　　　　　　　　　　　　,総数,1.5,-,-,-,-,-,-,-,-,-,-,-,0.0,0.1,0.1,0.2,0.4,0.4,0.7,0.9,1.3,1.9,3.2,4.7,8.3,14.7,30.2,59.8,4.5,6.9,9.1,12.9
,男,1.6,-,-,-,-,-,-,-,-,-,-,-,0.0,-,0.1,0.2,0.5,0.4,0.7,1.1,1.7,2.6,4.4,6.5,12.2,21.2,38.3,45.5,5.3,8.2,11.1,16.2
,女,1.5,-,-,-,-,-,-,-,-,-,-,-,0.0,0.2,0.1,0.2,0.4,0.4,0.6,0.7,0.9,1.4,2.2,3.3,6.1,12.2,28.2,61.0,4.0,6.0,7.9,11.3
02112　　　乳房の悪性新生物＜腫瘍＞　　　　　　　　　　　　　　　　　　　　　　,総数,13.0,-,-,-,-,-,-,-,-,-,0.0,0.1,0.2,0.9,1.9,4.2,7.2,11.7,15.1,18.3,20.5,24.5,24.8,30.3,43.5,58.8,103.2,133.3,30.3,36.4,43.3,54.7
,男,0.2,-,-,-,-,-,-,-,-,-,-,-,-,-,0.0,-,0.1,0.1,0.0,0.1,0.3,0.5,0.8,1.1,1.3,2.6,2.5,9.1,0.8,1.1,1.4,1.8
,女,25.1,-,-,-,-,-,-,-,-,-,0.0,0.1,0.4,1.8,3.9,8.5,14.7,23.5,30.4,36.2,39.7,46.0,44.5,51.2,67.6,81.2,128.6,149.4,52.9,59.7,67.5,79.8
02113　　　子宮の悪性新生物＜腫瘍＞　　　　　　　　　　　　　　　　　　　　　　,総数,11.5,-,-,-,-,-,-,-,-,-,0.0,0.0,0.3,1.4,3.0,5.0,8.0,13.0,15.0,17.5,17.5,19.0,21.0,23.9,29.9,31.2,30.7,32.5,22.5,25.4,27.6,30.4
,男,・,・,・,・,・,・,・,・,・,・,・,・,・,・,・,・,・,・,・,・,・,・,・,・,・,・,・,・,・,・,・,・
,女,11.5,-,-,-,-,-,-,-,-,-,0.0,0.0,0.3,1.4,3.0,5.0,8.0,13.0,15.0,17.5,17.5,19.0,21.0,23.9,29.9,31.2,30.7,32.5,22.5,25.4,27.6,30.4
02114　　　卵巣の悪性新生物＜腫瘍＞　　　　　　　　　　　　　　　　　　　　　　,総数,8.3,-,-,-,-,-,-,-,-,-,-,0.1,0.2,0.7,1.2,3.2,5.7,9.0,12.1,13.7,13.2,14.6,14.9,19.0,20.5,18.2,16.6,16.9,16.2,17.7,19.2,19.3
,男,・,・,・,・,・,・,・,・,・,・,・,・,・,・,・,・,・,・,・,・,・,・,・,・,・,・,・,・,・,・,・,・
,女,8.3,-,-,-,-,-,-,-,-,-,-,0.1,0.2,0.7,1.2,3.2,5.7,9.0,12.1,13.7,13.2,14.6,14.9,19.0,20.5,18.2,16.6,16.9,16.2,17.7,19.2,19.3
02115　　　前立腺の悪性新生物＜腫瘍＞　　　　　　　　　　　　　　　　　　　　　,総数,22.8,-,-,-,-,-,-,-,-,-,-,-,-,0.0,0.0,0.0,0.2,0.8,2.1,5.7,14.8,35.5,61.8,114.6,231.0,378.0,525.8,472.7,83.7,139.4,195.9,288.3
,男,22.8,-,-,-,-,-,-,-,-,-,-,-,-,0.0,0.0,0.0,0.2,0.8,2.1,5.7,14.8,35.5,61.8,114.6,231.0,378.0,525.8,472.7,83.7,139.4,195.9,288.3
,女,・,・,・,・,・,・,・,・,・,・,・,・,・,・,・,・,・,・,・,・,・,・,・,・,・,・,・,・,・,・,・,・
02116　　　膀胱の悪性新生物＜腫瘍＞　　　　　　　　　　　　　　　　　　　　　　,総数,7.9,-,-,-,-,-,-,-,-,-,-,0.0,0.0,0.0,0.1,0.2,0.3,0.7,1.2,3.0,5.7,10.9,18.2,31.2,55.9,85.2,94.6,79.3,25.4,38.9,51.1,68.6
,男,11.1,-,-,-,-,-,-,-,-,-,-,0.0,0.0,0.0,0.1,0.3,0.4,0.8,1.7,4.8,9.1,17.9,30.8,52.1,100.8,185.2,226.7,245.5,39.7,64.6,89.1,131.3
,女,4.9,-,-,-,-,-,-,-,-,-,-,-,0.0,0.0,0.2,0.2,0.3,0.5,0.8,1.3,2.5,4.7,7.8,16.3,30.3,45.4,61.3,54.5,14.5,21.9,29.2,38.8
02117　　　中枢神経系の悪性新生物＜腫瘍＞　　　　　　　　　　　　　　　　　　　,総数,2.6,0.1,0.1,0.5,0.7,0.7,0.5,0.4,0.9,0.6,0.6,0.6,0.5,0.5,0.9,1.2,1.4,1.7,2.0,3.1,3.8,5.5,6.5,7.8,7.8,5.1,3.5,-,5.9,6.9,7.1,6.5
,男,3.1,0.3,0.2,0.5,1.2,1.1,0.8,0.7,0.9,0.5,0.7,0.6,0.6,0.7,1.1,1.4,1.7,2.1,2.5,3.7,4.6,7.0,8.3,10.2,11.1,8.3,5.0,-,7.6,9.3,10.1,9.9
,女,2.2,-,-,0.5,0.2,0.2,0.3,0.2,0.9,0.7,0.5,0.6,0.3,0.3,0.6,0.9,1.2,1.2,1.4,2.5,3.1,4.3,5.0,6.2,5.9,3.9,3.2,-,4.7,5.3,5.4,4.9
02118　　　悪性リンパ腫　　　　　　　　　　　　　　　　　　　　　　　　　　　　,総数,11.9,-,-,-,-,0.1,0.0,0.0,0.0,0.1,0.1,0.2,0.3,0.2,0.4,0.5,1.0,1.9,3.1,6.2,11.4,19.3,32.5,50.9,78.6,88.3,74.3,48.3,37.0,54.1,66.8,80.8
,男,13.7,-,-,-,-,0.2,0.1,0.0,0.0,0.1,0.1,0.2,0.4,0.4,0.3,0.7,1.3,2.5,4.1,8.1,15.2,25.9,45.5,69.6,111.6,130.3,128.3,72.7,47.1,72.4,92.0,117.4
,女,10.2,-,-,-,-,-,-,-,-,0.0,0.1,0.1,0.1,0.0,0.4,0.3,0.7,1.4,2.1,4.4,7.8,13.4,21.9,37.5,59.6,71.6,60.7,44.2,29.2,41.9,52.2,63.3
02119　　　白血病　　　　　　　　　　　　　　　　　　　　　　　　　　　　　　　,総数,8.1,0.1,0.5,0.4,0.4,0.5,0.4,0.4,0.3,0.4,0.5,0.6,0.6,0.7,0.7,1.1,1.4,1.9,3.6,6.2,10.2,17.4,24.9,33.7,36.7,36.4,31.7,11.5,23.6,31.2,34.8,35.9
,男,10.3,-,0.7,0.2,0.2,0.5,0.4,0.3,0.4,0.5,0.7,0.5,0.8,1.0,0.8,1.5,1.8,2.1,4.4,8.2,14.3,24.3,36.6,49.6,57.8,62.1,60.8,36.4,33.4,46.7,54.0,59.0
,女,6.1,0.3,0.3,0.5,0.5,0.5,0.4,0.4,0.2,0.2,0.4,0.7,0.4,0.4,0.6,0.6,1.0,1.6,2.7,4.3,6.3,11.2,15.3,22.3,24.7,26.2,24.4,7.8,16.0,20.9,23.8,24.9
02120　　　その他のリンパ組織，造血組織及び関連組織の悪性新生物＜腫瘍＞　　　　,総数,3.6,-,-,-,-,-,-,-,0.0,-,-,-,-,0.0,0.0,0.1,0.2,0.3,0.8,1.7,3.2,6.0,9.7,16.0,24.3,27.4,18.8,16.1,11.3,16.6,20.6,24.6
,男,3.7,-,-,-,-,-,-,-,0.0,-,-,-,-,-,0.1,0.1,0.3,0.4,1.1,2.1,3.9,6.9,11.4,19.8,32.6,38.0,25.8,18.2,12.9,20.0,26.3,33.6
,女,3.4,-,-,-,-,-,-,-,-,-,-,-,-,0.0,0.0,-,0.1,0.3,0.6,1.3,2.5,5.2,8.3,13.4,19.5,23.2,17.0,15.6,10.1,14.3,17.3,20.3
02121　　　その他の悪性新生物＜腫瘍＞　　　　　　　　　　　　　　　　　　　　　,総数,24.5,0.1,0.6,0.2,0.9,1.1,0.7,0.6,0.5,0.5,0.7,0.9,0.9,1.2,1.9,2.7,3.7,6.6,10.5,16.6,28.6,43.8,62.6,89.5,135.5,173.4,180.2,195.4,72.1,100.4,122.7,151.8
,男,27.5,-,0.5,0.2,0.7,1.4,0.7,0.6,0.5,0.5,0.9,1.2,1.1,1.2,2.0,3.2,4.1,7.4,12.3,20.6,36.9,59.2,86.2,120.2,185.7,239.2,281.7,245.5,89.7,129.1,160.2,205.8
,女,21.6,0.3,0.8,0.3,1.0,0.7,0.7,0.6,0.5,0.5,0.6,0.6,0.6,1.1,1.7,2.3,3.4,5.8,8.8,12.6,20.7,30.2,43.3,67.6,106.7,147.4,154.6,185.7,58.7,81.4,101.0,126.2
02200　　その他の新生物＜腫瘍＞　　　　　　　　　　　　　　　　　　　　　　　　,総数,11.3,1.0,0.1,0.2,0.1,0.1,0.2,0.3,0.3,0.2,0.1,0.2,0.2,0.4,0.6,0.8,1.2,2.0,2.7,4.5,8.4,14.3,23.2,42.7,77.6,118.3,157.2,158.6,35.1,54.0,72.3,98.2
,男,12.4,0.8,-,-,-,-,-,0.1,0.3,0.3,0.3,0.2,0.2,0.6,0.7,0.9,1.2,2.2,3.4,5.8,12.0,20.2,33.3,61.5,107.3,166.1,225.0,209.1,42.8,68.3,93.7,130.2
,女,10.3,1.1,0.3,0.5,0.2,0.2,0.3,0.5,0.3,0.1,0.0,0.2,0.2,0.3,0.5,0.8,1.1,1.7,2.0,3.3,4.9,9.1,14.9,29.3,60.6,99.3,140.1,149.4,29.3,44.6,59.9,82.9
02201　　　中枢神経系のその他の新生物＜腫瘍＞　　　　　　　　　　　　　　　　　,総数,2.1,0.5,0.1,0.1,0.1,0.1,0.1,0.2,0.3,0.2,0.1,0.1,0.2,0.1,0.3,0.3,0.5,0.7,0.9,1.1,1.3,2.9,4.4,7.3,14.2,18.9,21.3,19.5,6.1,9.2,12.1,16.3
,男,2.0,0.5,-,-,-,-,-,0.1,0.2,0.3,0.2,0.1,0.2,0.1,0.4,0.3,0.4,1.0,1.1,1.1,1.7,3.4,4.6,8.1,18.0,21.7,28.3,9.1,6.2,9.7,13.5,19.5
,女,2.2,0.6,0.3,0.3,0.2,0.2,0.3,0.3,0.3,0.1,0.0,0.1,0.1,0.1,0.2,0.3,0.5,0.5,0.7,1.0,1.0,2.4,4.2,6.6,12.0,17.8,19.5,20.8,6.0,8.9,11.3,14.8
02202　　　中枢神経系を除くその他の新生物＜腫瘍＞　　　　　　　　　　　　　　　,総数,9.2,0.4,-,0.1,-,-,0.0,0.1,0.0,0.0,0.0,0.1,0.1,0.3,0.2,0.5,0.7,1.2,1.8,3.5,7.0,11.4,18.8,35.5,63.4,99.4,135.9,139.1,29.1,44.8,60.2,81.9
,男,10.4,0.3,-,-,-,-,-,0.0,0.0,0.0,0.1,0.1,0.1,0.4,0.3,0.6,0.8,1.2,2.3,4.7,10.3,16.8,28.7,53.4,89.2,144.4,196.7,200.0,36.6,58.5,80.2,110.7
,女,8.0,0.6,-,0.3,-,-,0.1,0.2,-,-,-,0.1,0.1,0.2,0.2,0.5,0.6,1.2,1.3,2.3,3.9,6.6,10.6,22.7,48.7,81.6,120.6,128.6,23.3,35.7,48.6,68.2
03000　血液及び造血器の疾患並びに免疫機構の障害　　　　　　　　　　　　　　　　,総数,4.1,1.2,0.5,0.2,-,-,0.2,0.4,-,0.1,0.1,0.2,0.2,0.1,0.2,0.3,0.3,0.6,1.1,1.6,2.7,4.4,8.1,14.3,28.3,47.2,71.6,78.2,12.8,20.1,27.2,38.6
,男,3.8,1.3,0.7,0.5,-,-,0.3,0.5,-,-,0.1,0.1,0.2,0.2,0.2,0.3,0.3,0.6,1.5,1.8,3.5,5.5,9.8,17.7,33.0,55.6,82.5,109.1,13.0,21.0,29.2,42.2
,女,4.4,1.1,0.3,-,-,-,0.1,0.3,-,0.1,0.2,0.2,0.1,-,0.1,0.3,0.2,0.6,0.8,1.3,1.8,3.4,6.8,11.8,25.7,43.9,68.9,72.7,12.6,19.5,26.1,36.9
03100　　貧血　　　　　　　　　　　　　　　　　　　　　　　　　　　　　　　　　,総数,2.1,0.1,0.1,-,-,-,0.0,0.0,-,0.0,0.0,0.0,0.1,0.0,0.1,0.1,0.1,0.2,0.3,0.5,1.1,1.6,3.4,7.3,15.9,29.0,48.3,49.4,6.8,11.2,15.8,23.2
,男,1.8,0.3,0.2,-,-,-,0.1,0.1,-,-,0.0,0.0,0.0,0.1,0.1,0.1,0.1,0.2,0.5,0.5,1.5,2.0,4.1,8.7,16.6,33.2,50.8,72.7,6.3,10.7,15.6,23.3
,女,2.4,-,-,-,-,-,-,-,-,0.0,0.0,0.0,0.1,-,0.0,0.1,0.1,0.2,0.2,0.5,0.7,1.3,2.8,6.3,15.5,27.3,47.7,45.5,7.2,11.5,16.0,23.2
03200　　その他の血液及び造血器の疾患並びに免疫機構の障害　　　　　　　　　　　,総数,2.0,1.1,0.4,0.2,-,-,0.2,0.3,-,0.0,0.1,0.1,0.1,0.1,0.1,0.2,0.1,0.4,0.8,1.1,1.6,2.8,4.8,6.9,12.4,18.2,23.3,28.7,6.0,8.9,11.4,15.4
,男,2.0,1.1,0.5,0.5,-,-,0.2,0.4,-,-,0.1,0.1,0.2,0.1,0.1,0.2,0.2,0.4,1.0,1.3,2.0,3.6,5.7,9.0,16.4,22.4,31.7,36.4,6.6,10.3,13.6,18.9
,女,1.9,1.1,0.3,-,-,-,0.1,0.3,-,0.1,0.1,0.2,0.0,-,0.1,0.2,0.1,0.3,0.6,0.9,1.2,2.1,4.0,5.5,10.2,16.6,21.2,27.3,5.4,8.0,10.1,13.7
04000　内分泌，栄養及び代謝疾患　　　　　　　　　　　　　　　　　　　　　　　　,総数,21.4,1.5,0.1,-,0.4,0.5,0.2,0.5,0.1,0.2,0.2,0.5,0.5,0.6,1.2,1.7,3.2,4.9,8.0,11.7,19.2,28.2,43.3,73.2,133.3,212.9,316.9,404.6,64.6,97.0,128.8,177.5
,男,23.3,1.3,-,-,0.5,0.5,0.2,0.4,0.2,0.3,0.3,0.7,0.7,0.8,1.6,2.2,4.3,6.7,11.9,17.1,28.2,42.0,61.1,99.6,181.5,266.3,373.3,363.6,76.0,114.9,154.1,216.0
,女,19.5,1.7,0.3,-,0.2,0.5,0.3,0.5,0.0,0.0,0.2,0.2,0.3,0.4,0.7,1.2,2.1,2.9,4.1,6.4,10.6,15.9,28.7,54.4,105.7,191.8,302.7,405.2,55.8,85.1,114.1,159.2
04100　　糖尿病　　　　　　　　　　　　　　　　　　　　　　　　　　　　　　　　,総数,12.7,-,-,-,-,-,-,-,-,0.1,0.1,0.2,0.2,0.3,0.6,0.9,2.0,2.9,5.3,7.9,12.7,19.2,28.4,45.8,77.1,112.9,149.7,175.9,38.4,56.1,72.5,95.8
,男,14.8,-,-,-,-,-,-,-,-,0.1,0.1,0.4,0.3,0.4,0.9,1.4,3.0,4.4,8.4,12.2,19.2,29.4,41.1,64.9,105.5,141.7,170.0,136.4,47.5,69.6,90.2,119.0
,女,10.8,-,-,-,-,-,-,-,-,-,0.0,0.1,0.1,0.2,0.3,0.5,1.0,1.2,2.1,3.7,6.4,10.0,18.0,32.2,60.9,101.6,144.5,179.2,31.3,47.2,62.2,84.8
04200　　その他の内分泌，栄養及び代謝疾患　　　　　　　　　　　　　　　　　　　,総数,8.6,1.5,0.1,-,0.4,0.5,0.2,0.5,0.1,0.1,0.1,0.2,0.3,0.3,0.6,0.8,1.2,2.0,2.8,3.7,6.5,9.1,14.9,27.4,56.1,100.0,167.3,228.7,26.2,40.9,56.3,81.7
,男,8.6,1.3,-,-,0.5,0.5,0.2,0.4,0.2,0.2,0.1,0.3,0.3,0.3,0.8,0.8,1.4,2.3,3.5,4.8,9.0,12.6,20.0,34.7,76.1,124.6,203.3,227.3,28.5,45.4,63.9,97.0
,女,8.6,1.7,0.3,-,0.2,0.5,0.3,0.5,0.0,0.0,0.1,0.1,0.2,0.3,0.5,0.8,1.0,1.7,2.0,2.7,4.1,5.9,10.7,22.2,44.7,90.2,158.2,226.0,24.5,37.9,51.9,74.4
05000　精神及び行動の障害　　　　　　　　　　　　　　　　　　　　　　　　　　　,総数,22.2,-,-,-,-,0.1,0.0,0.0,-,0.0,0.1,0.1,0.1,0.2,0.4,0.7,1.1,1.6,2.4,3.8,6.5,12.5,25.9,64.5,161.4,348.8,705.7,1190.8,72.3,122.4,179.5,280.5
,男,17.7,-,-,-,-,-,-,-,-,0.0,-,0.1,0.0,0.2,0.4,0.5,1.0,2.1,3.1,5.3,9.1,17.2,34.1,81.6,188.8,365.6,642.5,954.5,63.3,111.5,167.8,265.6
,女,26.4,-,-,-,-,0.2,0.1,0.1,-,0.0,0.2,0.0,0.2,0.2,0.3,0.8,1.2,1.1,1.7,2.3,4.0,8.3,19.2,52.2,145.7,342.4,721.6,1209.1,79.1,129.6,186.3,287.5
05100　　血管性及び詳細不明の認知症　　　　　　　　　　　　　　　　　　　　　　,総数,19.7,-,-,-,-,-,-,-,-,-,-,-,-,-,0.0,-,0.0,0.1,0.1,0.8,2.1,7.4,20.2,56.9,152.3,338.3,694.8,1174.7,65.9,114.8,170.7,270.7
,男,15.0,-,-,-,-,-,-,-,-,-,-,-,-,-,0.0,-,0.0,0.1,0.2,1.1,3.0,10.4,27.1,73.4,179.7,356.5,633.3,945.5,56.1,103.5,159.1,256.6
,女,24.1,-,-,-,-,-,-,-,-,-,-,-,-,-,-,-,0.0,-,0.1,0.4,1.2,4.6,14.6,45.1,136.6,331.3,710.3,1192.2,73.4,122.2,177.5,277.4
05200　　その他の精神及び行動の障害　　　　　　　　　　　　　　　　　　　　　　,総数,2.5,-,-,-,-,0.1,0.0,0.0,-,0.0,0.1,0.1,0.1,0.2,0.3,0.7,1.1,1.5,2.3,3.0,4.4,5.2,5.6,7.6,9.1,10.6,10.9,16.1,6.4,7.6,8.8,9.8
,男,2.7,-,-,-,-,-,-,-,-,0.0,-,0.1,0.0,0.2,0.4,0.5,1.0,2.0,3.0,4.2,6.1,6.8,7.0,8.3,9.0,9.1,9.2,9.1,7.2,7.9,8.6,9.0
,女,2.3,-,-,-,-,0.2,0.1,0.1,-,0.0,0.2,0.0,0.2,0.2,0.3,0.8,1.2,1.1,1.6,1.9,2.7,3.7,4.6,7.1,9.2,11.2,11.3,16.9,5.7,7.4,8.9,10.2
06000　神経系の疾患　　　　　　　　　　　　　　　　　　　　　　　　　　　　　　,総数,50.8,5.1,1.7,1.9,1.5,1.1,1.5,2.1,0.7,0.5,1.3,1.6,1.6,1.7,2.1,2.4,3.4,5.6,8.4,15.3,28.0,55.1,107.2,204.4,358.4,544.1,838.8,1010.3,161.1,255.9,343.9,466.4
,男,47.4,5.4,1.5,1.4,1.7,0.7,1.3,2.1,0.8,0.6,1.4,1.9,2.2,2.4,2.6,3.2,4.4,6.9,10.5,19.7,37.4,70.9,136.5,260.1,429.2,577.1,748.3,809.1,164.7,270.0,367.2,488.8
,女,53.9,4.8,1.8,2.3,1.2,1.4,1.7,2.3,0.6,0.4,1.3,1.4,1.0,1.1,1.6,1.6,2.5,4.3,6.4,11.1,19.1,40.8,83.2,164.5,318.0,531.4,861.6,1026.0,158.4,246.6,330.5,455.7
06100　　髄膜炎　　　　　　　　　　　　　　　　　　　　　　　　　　　　　　　　,総数,0.2,0.7,-,0.1,-,-,0.0,0.1,-,-,-,0.0,-,-,-,0.1,0.1,0.1,0.1,0.2,0.3,0.4,0.6,0.8,1.4,1.5,1.0,-,0.7,0.9,1.1,1.3
,男,0.3,0.5,-,0.2,-,-,0.1,0.1,-,-,-,0.0,-,-,-,0.1,0.1,0.2,0.2,0.4,0.4,0.6,0.8,1.1,1.8,1.9,1.7,-,0.8,1.2,1.4,1.8
,女,0.2,0.8,-,-,-,-,-,0.2,-,-,-,-,-,-,-,0.0,-,0.0,0.1,0.1,0.2,0.3,0.5,0.6,1.1,1.3,0.8,-,0.5,0.8,0.9,1.1
06200　　脊髄性筋萎縮症及び関連症候群　　　　　　　　　　　　　　　　　　　　　,総数,2.3,-,0.1,-,-,-,0.0,0.0,-,-,0.0,0.1,-,0.1,0.0,0.2,0.3,0.7,1.2,2.5,4.3,6.3,8.9,8.9,7.0,2.9,1.0,-,6.6,7.6,6.9,5.1
,男,2.8,-,0.2,-,-,-,0.1,0.0,-,-,0.0,-,-,0.1,0.1,0.3,0.4,0.9,1.6,3.3,5.7,7.8,12.1,11.2,9.3,4.5,3.3,-,8.7,10.6,9.5,7.6
,女,1.9,-,-,-,-,-,-,-,-,-,-,0.1,-,0.0,0.0,0.1,0.2,0.6,0.9,1.7,3.0,5.0,6.2,7.2,5.7,2.3,0.4,-,5.0,5.6,5.3,4.0
06300　　パーキンソン病　　　　　　　　　　　　　　　　　　　　　　　　　　　　,総数,11.3,-,-,-,-,-,-,-,-,-,-,-,-,-,-,-,0.1,0.1,0.3,1.5,4.0,12.7,31.3,63.4,96.4,91.7,61.7,28.7,37.6,60.7,78.1,91.0
,男,11.9,-,-,-,-,-,-,-,-,-,-,-,-,-,-,-,0.1,0.2,0.5,2.1,5.7,17.2,40.9,82.5,126.0,117.7,74.2,36.4,44.1,75.3,100.3,120.4
,女,10.7,-,-,-,-,-,-,-,-,-,-,-,-,-,-,-,0.1,0.1,0.1,0.9,2.5,8.8,23.5,49.6,79.5,81.4,58.6,27.3,32.6,51.1,65.3,77.1
06400　　アルツハイマー病　　　　　　　　　　　　　　　　　　　　　　　　　　　,総数,21.0,-,-,-,-,-,-,-,-,-,-,-,-,-,0.0,-,0.1,0.1,0.2,1.2,3.4,8.6,24.4,65.7,167.0,356.4,672.0,871.3,70.3,121.7,179.3,279.0
,男,14.7,-,-,-,-,-,-,-,-,-,-,-,-,-,-,-,0.0,0.1,0.3,1.5,4.3,10.5,28.2,75.8,173.6,338.2,541.7,627.3,54.9,100.5,153.1,240.8
,女,27.0,-,-,-,-,-,-,-,-,-,-,-,-,-,0.0,-,0.1,0.1,0.2,0.9,2.6,6.9,21.2,58.5,163.2,363.9,704.8,894.8,82.2,135.7,194.5,297.1
06500　　その他の神経系の疾患　　　　　　　　　　　　　　　　　　　　　　　　　,総数,15.9,4.4,1.5,1.7,1.5,1.1,1.4,2.0,0.7,0.5,1.3,1.6,1.6,1.7,2.0,2.1,2.9,4.5,6.5,10.0,16.0,27.0,42.0,65.7,86.6,91.6,103.0,110.3,45.9,65.0,78.6,89.9
,男,17.8,4.8,1.2,1.2,1.7,0.7,1.2,1.9,0.8,0.6,1.4,1.9,2.2,2.3,2.5,2.8,3.7,5.5,7.9,12.5,21.3,35.0,54.5,89.5,118.5,114.8,127.5,145.5,56.1,82.5,102.9,118.1
,女,14.1,3.9,1.8,2.3,1.2,1.4,1.7,2.1,0.6,0.4,1.3,1.3,1.0,1.1,1.5,1.5,2.1,3.5,5.1,7.5,10.9,19.9,31.8,48.7,68.4,82.4,96.8,103.9,38.0,53.4,64.5,76.5
07000　眼及び付属器の疾患　　　　　　　　　　　　　　　　　　　　　　　　　　　,総数,0.0,-,-,-,-,-,-,-,-,-,-,-,-,-,-,-,-,-,-,-,0.0,-,-,0.0,0.0,0.1,0.2,-,0.0,0.0,0.0,0.1
,男,0.0,-,-,-,-,-,-,-,-,-,-,-,-,-,-,-,-,-,-,-,0.0,-,-,0.0,-,-,-,-,0.0,0.0,0.0,-
,女,0.0,-,-,-,-,-,-,-,-,-,-,-,-,-,-,-,-,-,-,-,-,-,-,-,0.0,0.1,0.2,-,0.0,0.0,0.1,0.1
08000　耳及び乳様突起の疾患　　　　　　　　　　　　　　　　　　　　　　　　　　,総数,0.0,-,-,-,-,-,-,-,-,-,-,-,-,-,-,-,0.0,-,-,0.0,-,0.0,0.0,0.0,0.2,0.1,0.8,-,0.1,0.1,0.1,0.2
,男,0.0,-,-,-,-,-,-,-,-,-,-,-,-,-,-,-,0.0,-,-,0.1,-,0.0,0.1,0.1,0.1,-,0.8,-,0.1,0.1,0.1,0.1
,女,0.0,-,-,-,-,-,-,-,-,-,-,-,-,-,-,-,-,-,-,-,-,0.0,-,-,0.2,0.2,0.8,-,0.1,0.1,0.1,0.2
09000　循環器系の疾患　　　　　　　　　　　　　　　　　　　　　　　　　　　　　,総数,310.8,6.2,1.9,0.9,0.4,0.6,0.9,1.9,0.5,0.6,1.3,2.0,3.2,5.9,11.3,18.8,35.2,58.9,87.7,132.0,198.9,330.2,535.2,989.3,2021.8,3822.2,6717.1,9825.3,966.2,1523.5,2108.7,3091.0
,男,313.0,5.9,2.2,1.0,0.2,0.7,1.0,1.9,0.5,0.9,1.7,2.6,4.7,8.3,16.5,27.1,52.4,89.1,137.1,205.1,304.7,491.7,749.2,1321.9,2564.3,4556.1,7585.8,10563.6,1038.7,1649.8,2304.9,3421.7
,女,308.8,6.5,1.6,0.8,0.5,0.5,0.8,1.8,0.4,0.4,0.9,1.4,1.7,3.3,5.8,10.2,17.4,27.9,37.9,59.9,98.2,185.8,360.0,751.4,1711.4,3532.6,6498.1,9592.2,910.6,1440.2,1995.1,2933.9
09100　　高血圧性疾患　　　　　　　　　　　　　　　　　　　　　　　　　　　　　,総数,9.4,-,-,-,-,-,-,-,-,-,0.0,-,0.0,0.1,0.1,0.3,0.6,1.1,2.5,3.7,6.1,8.9,13.8,25.5,56.9,123.8,276.2,641.4,29.8,47.5,67.6,104.5
,男,8.4,-,-,-,-,-,-,-,-,-,0.0,-,0.0,0.1,0.1,0.5,1.0,1.8,4.2,6.0,10.6,14.2,18.7,31.3,64.2,132.5,255.0,600.0,28.3,43.5,61.6,96.0
,女,10.3,-,-,-,-,-,-,-,-,-,-,-,-,0.0,-,0.1,0.2,0.4,0.8,1.4,1.8,4.1,9.7,21.4,52.7,120.4,281.5,639.0,30.9,50.2,71.0,108.5
09101　　　高血圧性心疾患及び心腎疾患　　　　　　　　　　　　　　　　　　　　　,総数,5.0,-,-,-,-,-,-,-,-,-,-,-,0.0,0.0,-,0.1,0.3,0.5,1.2,1.6,2.6,4.2,6.8,13.4,33.2,70.4,154.7,321.8,16.1,26.2,37.7,59.1
,男,4.4,-,-,-,-,-,-,-,-,-,-,-,0.0,0.0,-,0.2,0.4,0.7,2.0,2.5,4.6,6.7,9.1,17.1,36.2,73.1,149.2,318.2,14.9,23.7,34.3,53.9
,女,5.7,-,-,-,-,-,-,-,-,-,-,-,-,0.0,-,0.1,0.1,0.3,0.4,0.8,0.6,1.9,4.9,10.7,31.6,69.3,156.1,318.2,17.0,27.9,39.7,61.6
09102　　　その他の高血圧性疾患　　　　　　　　　　　　　　　　　　　　　　　　,総数,4.4,-,-,-,-,-,-,-,-,-,0.0,-,-,0.0,0.1,0.2,0.3,0.6,1.3,2.1,3.5,4.7,7.0,12.1,23.7,53.5,121.5,319.5,13.7,21.3,29.8,45.3
,男,4.1,-,-,-,-,-,-,-,-,-,0.0,-,-,0.0,0.1,0.3,0.6,1.0,2.2,3.5,6.0,7.4,9.6,14.3,28.0,59.4,105.8,281.8,13.4,19.8,27.3,42.1
,女,4.6,-,-,-,-,-,-,-,-,-,-,-,-,-,-,0.0,0.1,0.2,0.3,0.6,1.2,2.2,4.8,10.6,21.2,51.1,125.4,320.8,13.9,22.3,31.3,46.8
09200　　心疾患（高血圧性を除く）　　　　　　　　　　　　　　　　　　　　　　　,総数,190.7,4.8,1.5,0.7,0.2,0.5,0.7,1.5,0.3,0.4,0.8,1.4,2.2,3.5,5.9,9.2,17.9,30.9,48.9,76.3,112.8,188.5,308.3,583.3,1246.6,2488.6,4595.8,6717.2,597.8,953.3,1335.2,1995.2
,男,192.1,5.1,1.7,0.7,0.2,0.7,0.8,1.6,0.3,0.6,1.1,2.0,3.3,4.9,8.9,14.3,27.9,49.7,79.5,123.9,179.7,288.2,439.8,788.2,1603.1,3030.3,5427.5,7745.5,642.5,1032.8,1464.2,2232.2
,女,189.5,4.5,1.3,0.8,0.2,0.2,0.6,1.3,0.3,0.2,0.6,0.9,1.0,2.0,2.7,4.0,7.4,11.6,18.0,29.2,49.2,99.3,200.5,436.6,1042.6,2274.6,4386.1,6483.1,563.5,900.8,1260.6,1882.5
09201　　　慢性リウマチ性心疾患　　　　　　　　　　　　　　　　　　　　　　　　,総数,1.6,-,-,-,-,-,-,-,-,-,-,-,-,-,-,0.0,0.0,0.0,0.1,0.2,0.5,0.8,2.5,5.3,11.4,25.4,40.1,52.9,5.2,8.8,12.5,18.8
,男,1.1,-,-,-,-,-,-,-,-,-,-,-,-,-,-,-,0.0,0.0,0.1,0.4,0.4,1.0,2.0,5.2,11.6,23.8,51.7,54.5,4.0,7.2,10.9,17.4
,女,2.0,-,-,-,-,-,-,-,-,-,-,-,-,-,-,0.0,0.0,0.0,0.0,0.1,0.5,0.6,2.9,5.4,11.3,26.1,37.2,51.9,6.1,9.9,13.4,19.5
09202　　　急性心筋梗塞　　　　　　　　　　　　　　　　　　　　　　　　　　　　,総数,25.6,-,-,-,-,-,-,-,-,0.0,0.0,0.1,0.1,0.4,1.1,2.0,4.2,7.3,11.7,17.7,24.8,38.8,56.1,90.8,151.5,227.9,301.2,293.1,76.1,111.1,143.6,190.0
,男,31.2,-,-,-,-,-,-,-,-,-,0.0,0.0,0.2,0.6,1.7,3.1,7.1,12.7,20.2,29.9,40.4,61.1,84.3,129.9,206.7,310.5,417.5,454.5,97.9,142.6,185.0,247.7
,女,20.3,-,-,-,-,-,-,-,-,0.0,-,0.1,0.0,0.2,0.4,0.8,1.2,1.7,3.2,5.7,10.0,18.8,33.1,62.8,119.9,195.2,271.8,266.2,59.4,90.3,119.7,162.6
09203　　　その他の虚血性心疾患　　　　　　　　　　　　　　　　　　　　　　　　,総数,33.2,-,-,-,-,-,-,-,-,0.1,0.1,0.1,0.3,0.4,1.1,2.3,4.9,9.2,14.8,23.3,32.2,50.5,77.1,122.8,198.8,274.1,360.2,447.1,99.2,144.8,184.9,239.4
,男,42.1,-,-,-,-,-,-,-,-,0.1,0.1,0.1,0.4,0.6,1.9,3.7,8.1,14.9,25.2,39.6,54.1,81.7,117.8,178.3,292.1,418.4,551.7,581.8,134.2,197.2,255.0,342.1
,女,24.9,-,-,-,-,-,-,-,-,-,0.0,0.1,0.1,0.3,0.3,0.9,1.6,3.2,4.2,7.2,11.4,22.6,43.8,83.1,145.4,216.9,312.0,422.1,72.3,110.3,144.4,190.6
09204　　　慢性非リウマチ性心内膜疾患　　　　　　　　　　　　　　　　　　　　　,総数,9.8,-,-,0.1,-,-,0.0,0.0,-,-,0.0,0.0,-,-,0.0,0.1,0.1,0.2,0.5,0.9,1.6,4.4,8.2,22.9,73.0,186.7,360.7,505.7,32.6,56.3,84.7,139.0
,男,6.6,-,-,-,-,-,-,-,-,-,0.0,-,-,-,-,0.1,0.2,0.4,0.6,1.4,2.4,6.1,9.4,25.8,74.0,173.8,300.0,572.7,24.2,43.3,68.1,116.0
,女,12.9,-,-,0.3,-,-,0.1,0.1,-,-,0.0,0.1,-,-,0.0,0.1,0.1,0.1,0.3,0.5,0.9,2.9,7.3,20.9,72.4,192.0,376.1,489.6,39.1,64.8,94.4,149.8
09205　　　心筋症　　　　　　　　　　　　　　　　　　　　　　　　　　　　　　　,総数,2.8,1.5,0.4,-,-,0.1,0.1,0.4,0.1,0.0,0.1,0.1,0.2,0.2,0.2,0.5,0.6,1.1,1.4,2.2,2.7,3.6,5.5,9.4,17.2,24.3,30.0,27.6,7.9,11.7,15.4,20.6
,男,3.3,1.9,0.5,-,-,0.2,0.2,0.5,0.1,0.0,0.0,0.2,0.3,0.4,0.3,0.8,1.1,1.8,2.3,3.5,4.1,5.4,7.9,12.9,22.7,27.9,36.7,18.2,9.5,14.0,18.5,24.8
,女,2.4,1.1,0.3,-,-,-,0.1,0.3,0.1,0.0,0.2,0.0,0.1,0.0,0.1,0.1,0.2,0.5,0.5,0.9,1.5,2.1,3.6,6.8,14.0,22.8,28.4,28.6,6.7,10.2,13.5,18.6
09206　　　不整脈及び伝導障害　　　　　　　　　　　　　　　　　　　　　　　　　,総数,29.7,1.2,0.3,0.2,-,-,0.1,0.3,0.0,0.1,0.3,0.5,0.8,1.1,1.7,1.9,3.7,5.7,8.8,13.0,19.4,31.5,50.1,94.5,192.8,368.8,628.9,786.2,91.8,144.4,200.3,293.1
,男,31.1,1.6,0.5,0.5,-,-,0.2,0.5,0.0,0.3,0.4,0.8,1.3,1.4,2.5,2.9,5.2,8.8,13.8,20.9,30.2,49.3,73.4,127.7,251.3,455.2,792.5,909.1,102.5,162.3,227.0,339.7
,女,28.4,0.8,-,-,-,-,-,0.2,-,-,0.1,0.3,0.3,0.8,0.8,0.8,2.1,2.5,3.7,5.1,9.1,15.6,31.0,70.8,159.4,334.7,587.6,758.4,83.5,132.7,184.9,270.9
09207　　　心不全　　　　　　　　　　　　　　　　　　　　　　　　　　　　　　　,総数,81.9,0.8,0.6,0.1,-,0.1,0.2,0.3,0.1,0.0,0.2,0.4,0.6,0.9,1.1,1.7,2.8,5.4,9.0,14.5,25.2,49.9,94.7,216.1,565.8,1334.2,2814.1,4541.4,267.4,450.7,661.4,1052.3
,男,69.7,0.5,0.5,-,-,0.2,0.2,0.2,0.1,0.0,0.4,0.7,0.8,1.3,1.5,2.4,4.1,8.0,13.2,21.6,38.4,70.9,126.5,280.3,698.1,1555.2,3192.5,5072.7,248.9,435.1,659.6,1090.4
,女,93.4,1.1,0.8,0.3,-,-,0.3,0.4,-,-,0.0,0.1,0.3,0.5,0.7,0.9,1.5,2.6,4.8,7.4,12.7,31.1,68.7,170.1,490.0,1247.1,2718.7,4406.5,281.6,461.0,662.5,1034.2
09208　　　その他の心疾患　　　　　　　　　　　　　　　　　　　　　　　　　　　,総数,6.1,1.2,0.3,0.2,0.2,0.2,0.2,0.4,0.1,0.1,0.1,0.2,0.3,0.4,0.7,0.9,1.4,2.0,2.7,4.5,6.3,8.9,13.9,21.4,36.1,47.1,60.6,63.2,17.6,25.5,32.4,42.0
,男,7.0,1.1,0.2,0.2,0.2,0.2,0.2,0.4,0.0,0.1,0.1,0.2,0.4,0.6,0.9,1.3,2.1,3.0,4.1,6.7,9.6,12.6,18.5,28.1,46.6,65.4,85.0,81.8,21.3,31.1,40.2,54.0
,女,5.3,1.4,0.3,0.3,0.2,0.2,0.3,0.5,0.2,0.1,0.2,0.2,0.2,0.2,0.4,0.4,0.8,0.9,1.2,2.3,3.1,5.5,10.0,16.7,30.1,39.9,54.4,59.7,14.7,21.8,27.8,36.3
09300　　脳血管疾患　　　　　　　　　　　　　　　　　　　　　　　　　　　　　　,総数,86.3,0.1,-,-,0.1,0.1,0.1,0.1,0.1,0.2,0.4,0.4,0.7,1.7,4.1,7.2,12.6,20.0,26.4,38.4,58.9,98.5,161.3,296.4,568.5,969.6,1517.4,2098.9,265.1,413.1,562.1,795.3
,男,87.7,-,-,-,-,-,-,-,0.2,0.2,0.5,0.3,0.8,2.5,5.9,9.4,17.0,26.7,37.6,55.5,84.7,143.3,226.5,400.7,726.5,1116.9,1536.7,1909.1,290.2,458.0,626.4,882.9
,女,84.8,0.3,-,-,0.2,0.2,0.1,0.2,0.1,0.1,0.3,0.4,0.5,1.0,2.2,4.9,8.0,13.1,15.1,21.5,34.3,58.4,107.8,221.8,478.0,911.7,1512.6,2098.7,245.9,383.4,524.9,753.7
09301　　　くも膜下出血　　　　　　　　　　　　　　　　　　　　　　　　　　　　,総数,9.2,0.1,-,-,-,-,-,0.0,0.0,0.1,0.2,0.2,0.2,0.8,1.7,2.9,5.4,7.1,7.4,8.7,11.3,13.6,18.3,28.3,44.1,57.0,60.1,48.3,23.2,31.7,39.6,49.5
,男,7.0,-,-,-,-,-,-,-,0.1,0.1,0.2,0.1,0.2,0.9,2.2,3.3,6.0,7.8,8.1,9.7,10.9,12.3,14.2,20.8,28.8,36.8,33.3,54.5,16.3,20.9,25.7,31.4
,女,11.3,0.3,-,-,-,-,-,0.1,-,0.1,0.2,0.2,0.2,0.7,1.2,2.4,4.7,6.4,6.7,7.8,11.6,14.8,21.7,33.7,52.9,65.1,66.8,46.8,28.4,38.8,47.7,58.2
09302　　　脳内出血　　　　　　　　　　　　　　　　　　　　　　　　　　　　　　,総数,27.0,-,-,-,-,0.1,0.0,0.0,0.1,0.0,0.1,0.2,0.4,0.8,2.0,3.8,6.0,10.6,14.6,20.3,27.7,41.0,58.8,97.6,155.5,210.7,259.6,280.5,77.6,111.8,143.2,183.3
,男,30.4,-,-,-,-,-,-,-,0.1,0.1,0.2,0.2,0.5,1.3,3.2,5.4,9.2,15.4,22.7,30.7,41.6,59.5,80.6,125.4,191.1,252.7,279.2,227.3,91.5,130.2,166.3,212.8
,女,23.8,-,-,-,-,0.2,0.1,0.1,0.1,-,0.1,0.2,0.3,0.2,0.7,2.1,2.7,5.6,6.5,10.0,14.5,24.5,41.0,77.7,135.1,194.2,254.6,284.4,67.1,99.7,129.9,169.2
09303　　　脳梗塞　　　　　　　　　　　　　　　　　　　　　　　　　　　　　　　,総数,47.5,-,-,-,-,-,-,-,-,-,-,0.0,0.0,0.1,0.2,0.3,0.9,1.7,3.5,8.0,17.6,40.1,78.9,163.0,353.2,676.9,1158.7,1689.7,156.6,258.2,364.4,541.1
,男,47.8,-,-,-,-,-,-,-,-,-,-,-,0.1,0.1,0.2,0.4,1.4,2.6,5.7,13.0,28.9,66.3,124.6,245.1,487.8,800.2,1191.7,1572.7,174.2,295.1,419.1,616.7
,女,47.2,-,-,-,-,-,-,-,-,-,-,0.0,-,0.1,0.1,0.1,0.4,0.7,1.3,3.0,6.9,16.6,41.5,104.3,276.2,628.2,1150.4,1684.4,143.2,233.9,332.7,505.2
09304　　　その他の脳血管疾患　　　　　　　　　　　　　　　　　　　　　　　　　,総数,2.5,-,-,-,0.1,-,0.0,0.0,0.0,0.0,0.0,-,0.1,0.1,0.2,0.2,0.4,0.6,0.9,1.4,2.3,3.7,5.3,7.5,15.7,25.0,39.1,80.5,7.7,11.3,14.9,21.4
,男,2.5,-,-,-,-,-,-,-,0.0,-,0.0,-,0.0,0.1,0.3,0.2,0.4,0.8,1.2,2.1,3.3,5.2,7.2,9.4,18.8,27.2,32.5,54.5,8.2,11.9,15.3,22.0
,女,2.5,-,-,-,0.2,-,0.1,0.1,-,0.0,0.0,-,0.1,-,0.1,0.2,0.3,0.4,0.6,0.8,1.3,2.4,3.7,6.1,13.8,24.1,40.8,83.1,7.3,11.0,14.7,21.2
09400　　大動脈瘤及び解離　　　　　　　　　　　　　　　　　　　　　　　　　　　,総数,16.5,-,-,-,-,-,-,-,-,0.0,0.0,0.0,0.1,0.3,0.6,1.0,2.3,4.3,6.8,9.3,15.1,24.6,36.6,59.8,104.4,155.9,183.7,152.9,50.1,73.9,96.0,127.8
,男,16.9,-,-,-,-,-,-,-,-,0.0,0.0,0.1,0.1,0.5,0.9,1.9,4.1,7.2,11.1,13.3,20.5,32.0,44.4,69.9,117.8,191.7,235.8,145.5,53.5,79.3,104.8,144.4
,女,16.2,-,-,-,-,-,-,-,-,-,-,-,-,0.0,0.2,0.2,0.4,1.4,2.5,5.4,9.8,18.0,30.3,52.7,96.7,141.7,170.6,151.9,47.5,70.4,91.0,119.9
09500　　その他の循環器系の疾患　　　　　　　　　　　　　　　　　　　　　　　　,総数,7.9,1.2,0.4,0.1,-,-,0.1,0.3,0.0,0.1,0.1,0.2,0.3,0.4,0.7,1.0,1.8,2.6,3.1,4.3,6.0,9.8,15.3,24.3,45.5,84.3,144.0,214.9,23.4,35.7,47.7,68.3
,男,7.8,0.8,0.5,0.2,-,-,0.2,0.3,-,0.1,0.1,0.3,0.5,0.4,0.8,1.0,2.3,3.8,4.7,6.3,9.2,14.1,19.8,31.9,52.7,84.7,130.8,163.6,24.2,36.1,47.9,66.2
,女,8.0,1.7,0.3,-,-,-,0.1,0.4,0.1,0.0,-,0.1,0.2,0.3,0.6,1.1,1.3,1.4,1.6,2.3,3.1,5.9,11.6,18.9,41.4,84.2,147.3,219.5,22.8,35.4,47.6,69.3
10000　呼吸器系の疾患　　　　　　　　　　　　　　　　　　　　　　　　　　　　　,総数,161.1,4.8,2.6,1.9,1.1,0.8,1.6,2.1,0.8,0.4,0.4,0.5,0.5,0.7,1.2,2.1,3.3,6.5,12.5,28.0,61.0,141.2,284.3,606.4,1228.0,2172.9,3410.6,4446.0,529.7,870.1,1216.9,1752.7
,男,202.6,4.8,3.2,2.4,1.2,0.2,1.7,2.3,0.9,0.3,0.5,0.7,0.6,0.8,1.5,2.7,4.6,9.3,19.3,44.0,98.2,233.7,474.2,1018.2,2104.6,3962.7,6490.0,7609.1,742.1,1293.1,1888.8,2877.8
,女,121.9,4.8,1.8,1.3,1.0,1.4,1.4,2.0,0.7,0.6,0.2,0.3,0.5,0.5,0.8,1.4,2.1,3.6,5.7,12.3,25.6,58.6,128.7,311.7,726.4,1461.6,2634.2,3936.4,366.8,590.7,828.1,1217.8
10100　　インフルエンザ　　　　　　　　　　　　　　　　　　　　　　　　　　　　,総数,1.1,0.1,0.5,0.5,0.5,0.7,0.6,0.5,0.5,0.2,0.1,0.1,0.0,0.1,0.1,0.1,0.1,0.2,0.2,0.5,0.5,1.0,1.5,3.2,6.7,15.2,28.5,57.5,3.4,5.5,7.8,11.9
,男,1.1,0.3,0.7,0.7,0.5,0.2,0.5,0.5,0.5,0.1,0.1,0.1,0.0,0.0,0.2,0.2,0.1,0.2,0.2,0.6,0.6,1.5,2.0,4.5,9.4,18.4,30.8,72.7,3.5,5.8,8.6,13.4
,女,1.2,-,0.3,0.3,0.5,1.2,0.6,0.5,0.4,0.3,-,-,0.0,0.1,0.1,0.1,0.1,0.2,0.1,0.3,0.5,0.6,1.1,2.3,5.1,13.9,27.9,54.5,3.3,5.2,7.3,11.2
10200　　肺炎　　　　　　　　　　　　　　　　　　　　　　　　　　　　　　　　　,総数,62.5,1.1,1.2,0.4,-,-,0.4,0.5,0.2,0.0,0.1,0.2,0.2,0.2,0.4,1.0,1.5,2.6,5.0,9.9,20.4,47.0,95.7,214.2,481.1,921.7,1529.0,2042.5,205.6,342.4,488.5,729.2
,男,73.9,1.1,1.7,0.7,-,-,0.6,0.7,0.2,0.0,0.1,0.2,0.2,0.3,0.6,1.3,2.1,3.6,7.8,15.5,33.6,76.9,155.1,349.4,786.2,1585.0,2719.2,3136.4,270.6,476.7,710.7,1121.2
,女,51.7,1.1,0.5,-,-,-,0.1,0.3,0.2,0.0,0.1,0.1,0.1,0.1,0.2,0.6,0.8,1.4,2.2,4.4,7.9,20.3,46.9,117.5,306.5,658.1,1229.0,1859.7,155.9,253.7,359.9,542.9
10300　　急性気管支炎　　　　　　　　　　　　　　　　　　　　　　　　　　　　　,総数,0.2,-,0.1,0.4,-,-,0.1,0.1,0.0,0.0,-,-,0.0,0.0,-,-,0.0,0.0,0.0,0.0,0.1,0.2,0.3,0.4,1.3,3.0,4.5,10.3,0.6,0.9,1.3,2.2
,男,0.2,-,0.2,0.2,-,-,0.1,0.1,-,0.0,-,-,0.0,-,-,-,0.0,0.0,0.0,0.0,0.1,0.3,0.4,0.5,1.7,2.9,3.3,18.2,0.6,0.9,1.3,2.2
,女,0.2,-,-,0.5,-,-,0.1,0.1,0.0,-,-,-,-,0.0,-,-,0.0,-,-,0.0,0.1,0.1,0.1,0.2,1.0,3.0,4.8,9.1,0.6,0.9,1.4,2.2
10400　　慢性閉塞性肺疾患　　　　　　　　　　　　　　　　　　　　　　　　　　　,総数,14.0,0.3,-,-,-,-,-,0.0,-,0.0,-,0.0,0.0,0.1,0.1,0.1,0.1,0.3,1.0,2.7,7.0,19.0,37.4,66.7,98.6,133.5,164.8,133.3,46.1,72.2,92.8,115.6
,男,24.3,-,-,-,-,-,-,-,-,-,-,0.0,0.0,0.1,0.1,0.1,0.1,0.5,1.7,4.8,12.7,35.3,73.4,139.1,230.7,366.6,593.3,500.0,89.6,152.1,209.3,288.9
,女,4.3,0.6,-,-,-,-,-,0.1,-,0.0,-,0.0,0.0,0.0,0.1,0.1,0.1,0.1,0.3,0.6,1.6,4.3,8.0,14.9,23.0,40.7,56.7,79.2,12.8,19.4,25.4,33.2
10500　　喘息　　　　　　　　　　　　　　　　　　　　　　　　　　　　　　　　　,総数,0.9,-,-,-,0.2,-,0.1,0.0,0.0,-,-,0.0,-,0.1,0.1,0.1,0.1,0.3,0.4,0.4,0.6,0.8,1.3,2.4,5.6,11.8,21.3,37.9,2.7,4.3,6.1,9.3
,男,0.8,-,-,-,0.5,-,0.1,0.1,0.0,-,-,0.0,-,0.1,0.1,0.1,0.1,0.4,0.5,0.4,0.6,1.0,1.7,2.6,6.4,10.2,25.8,36.4,2.4,3.8,5.4,8.6
,女,1.0,-,-,-,-,-,-,-,-,-,-,-,-,-,0.1,0.0,0.1,0.2,0.2,0.4,0.5,0.6,0.9,2.3,5.2,12.5,20.2,37.7,3.0,4.6,6.5,9.7
10600　　その他の呼吸器系の疾患　　　　　　　　　　　　　　　　　　　　　　　　,総数,82.4,3.3,0.8,0.6,0.4,0.1,0.5,1.0,0.1,0.2,0.2,0.2,0.3,0.3,0.4,0.9,1.5,3.1,6.0,14.6,32.3,73.2,148.2,319.5,634.7,1087.8,1662.4,2164.4,271.2,444.8,620.4,884.4
,男,102.4,3.5,0.5,0.7,0.2,-,0.4,0.9,0.1,0.2,0.3,0.3,0.3,0.3,0.5,1.1,2.1,4.6,9.0,22.7,50.6,118.7,241.6,522.2,1070.2,1979.5,3117.5,3845.5,375.5,653.7,953.5,1443.5
,女,63.5,3.1,1.1,0.5,0.5,0.2,0.6,1.0,0.1,0.2,0.1,0.1,0.3,0.2,0.4,0.6,0.9,1.6,3.0,6.5,15.0,32.6,71.6,174.4,385.6,733.4,1295.6,1896.1,191.3,306.8,427.6,618.7
10601　　　誤嚥性肺炎　　　　　　　　　　　　　　　　　　　　　　　　　　　　　,総数,49.7,0.3,-,-,-,-,-,0.0,0.0,-,0.1,0.0,0.1,0.1,0.0,0.3,0.3,1.0,2.0,5.6,11.5,29.1,67.5,168.0,401.0,783.4,1299.2,1773.6,165.0,280.4,406.4,615.6
,男,60.5,0.3,-,-,-,-,-,0.0,-,-,0.1,0.1,0.1,0.1,0.1,0.3,0.5,1.5,3.1,8.6,18.3,48.1,112.9,280.8,692.9,1458.2,2462.5,3245.5,224.5,407.9,622.5,1010.8
,女,39.4,0.3,-,-,-,-,-,0.1,0.0,-,-,-,-,-,0.0,0.2,0.2,0.5,1.0,2.6,5.1,12.1,30.4,87.3,233.9,515.3,1005.9,1540.3,119.5,196.1,281.3,427.7
10602　　　間質性肺疾患　　　　　　　　　　　　　　　　　　　　　　　　　　　　,総数,19.7,0.1,-,-,-,-,-,0.0,-,-,-,0.0,-,0.0,0.1,0.1,0.4,0.9,1.8,5.2,12.9,29.7,54.4,99.5,141.4,157.2,144.6,105.7,64.4,98.3,124.3,146.0
,男,26.3,-,-,-,-,-,-,-,-,-,-,0.0,-,-,0.2,0.2,0.6,1.5,2.7,8.3,20.7,48.7,89.1,161.2,229.0,281.6,293.3,209.1,95.9,154.0,201.2,246.7
,女,13.4,0.3,-,-,-,-,-,0.1,-,-,-,0.0,-,0.1,0.1,0.1,0.3,0.3,0.8,2.1,5.6,12.7,26.1,55.4,91.3,107.7,107.1,89.6,40.3,61.6,79.8,98.2
10603　　　その他の呼吸器系の疾患（10601及び10602を除く）　　　　　　　　　　　,総数,13.1,2.9,0.8,0.6,0.4,0.1,0.5,0.9,0.1,0.2,0.1,0.2,0.2,0.2,0.3,0.4,0.8,1.2,2.2,3.8,7.9,14.5,26.2,51.9,92.3,147.1,218.6,285.1,41.8,66.1,89.7,122.8
,男,15.6,3.2,0.5,0.7,0.2,-,0.4,0.9,0.1,0.2,0.2,0.2,0.2,0.2,0.3,0.6,1.1,1.6,3.1,5.8,11.6,21.9,39.6,80.3,148.2,239.8,361.7,390.9,55.1,91.8,129.8,186.0
,女,10.7,2.5,1.1,0.5,0.5,0.2,0.6,0.9,0.0,0.2,0.1,0.1,0.3,0.1,0.2,0.3,0.5,0.8,1.2,1.9,4.3,7.8,15.2,31.7,60.3,110.3,182.6,266.2,31.5,49.1,66.5,92.8
11000　消化器系の疾患　　　　　　　　　　　　　　　　　　　　　　　　　　　　　,総数,48.9,6.5,0.8,0.4,0.2,0.4,0.4,1.5,0.2,0.2,0.4,0.4,0.8,1.6,3.2,6.5,11.5,17.7,24.7,34.3,44.7,63.1,88.8,150.9,286.2,488.7,781.0,935.6,141.7,211.3,283.8,400.5
,男,54.1,8.9,0.7,0.5,-,0.5,0.4,2.0,0.2,0.3,0.4,0.5,1.0,2.1,4.4,9.2,17.3,26.8,39.1,54.7,68.7,93.2,126.1,202.0,367.4,606.5,930.0,954.5,163.2,241.7,325.7,466.2
,女,44.0,3.9,0.8,0.3,0.5,0.2,0.4,1.1,0.2,0.1,0.3,0.3,0.6,1.0,2.0,3.7,5.6,8.4,10.2,14.2,22.0,36.2,58.3,114.3,239.8,442.1,743.5,920.8,125.2,191.3,259.6,369.3
11100　　胃潰瘍及び十二指腸潰瘍　　　　　　　　　　　　　　　　　　　　　　　　,総数,2.1,0.1,-,0.1,-,0.1,0.1,0.1,-,-,-,0.0,0.0,-,0.0,0.1,0.2,0.5,0.7,1.3,1.9,2.9,4.3,6.9,12.3,21.9,29.2,28.7,6.3,9.3,12.3,16.9
,男,2.5,0.3,-,0.2,-,-,0.1,0.1,-,-,-,0.0,0.1,-,0.1,0.1,0.3,0.7,1.2,2.3,3.0,4.7,6.9,10.1,15.9,34.6,49.2,54.5,8.2,12.2,16.1,23.0
,女,1.6,-,-,-,-,0.2,0.1,0.1,-,-,-,0.0,-,-,-,0.1,0.1,0.3,0.2,0.3,0.9,1.4,2.1,4.6,10.3,16.8,24.2,24.7,4.8,7.3,10.0,14.1
11200　　ヘルニア及び腸閉塞　　　　　　　　　　　　　　　　　　　　　　　　　　,総数,6.9,0.4,0.3,-,0.1,-,0.1,0.1,0.1,0.0,0.1,0.0,0.1,0.1,0.1,0.3,0.4,0.7,1.3,1.8,3.7,6.2,11.4,24.1,50.6,93.2,151.7,141.4,22.3,36.0,50.6,73.8
,男,7.0,0.8,0.2,-,-,-,0.1,0.2,0.1,0.1,0.1,0.0,0.1,0.2,0.1,0.3,0.6,1.0,1.7,2.4,5.2,9.1,15.6,33.7,67.5,127.0,190.8,163.6,24.7,41.6,60.5,90.9
,女,6.9,-,0.3,-,0.2,-,0.1,0.1,0.1,-,0.1,0.0,0.1,0.1,0.0,0.2,0.3,0.5,0.9,1.2,2.4,3.7,8.0,17.2,41.0,79.8,141.8,136.4,20.4,32.4,44.9,65.7
11300　　肝疾患　　　　　　　　　　　　　　　　　　　　　　　　　　　　　　　　,総数,15.4,1.0,0.1,-,-,0.1,0.1,0.2,0.0,0.0,0.0,0.1,0.3,0.8,2.4,5.0,8.7,13.4,17.1,22.6,24.4,29.2,31.3,42.2,55.8,57.0,60.1,39.1,35.8,42.9,49.8,56.4
,男,20.7,1.6,0.2,-,-,0.2,0.1,0.4,0.1,0.1,-,0.1,0.5,1.2,3.1,7.1,13.2,20.3,27.8,37.0,39.3,44.3,45.1,55.1,73.2,74.0,76.7,63.6,49.1,55.9,63.7,73.5
,女,10.4,0.3,-,-,-,-,-,0.1,-,-,0.1,0.1,0.2,0.5,1.6,2.8,4.1,6.3,6.3,8.3,10.2,15.7,19.9,33.1,45.9,50.3,55.9,35.1,25.7,34.3,41.7,48.2
11301　　　肝硬変（アルコール性を除く）　　　　　　　　　　　　　　　　　　　　,総数,7.0,0.1,-,-,-,-,-,0.0,-,0.0,-,0.0,0.0,0.2,0.6,1.3,2.4,3.8,5.2,8.1,10.0,13.5,16.5,24.8,33.0,32.3,26.7,9.2,18.7,24.1,28.6,31.9
,男,7.9,0.3,-,-,-,-,-,0.0,-,0.0,-,-,0.0,0.3,0.7,1.7,3.6,5.6,7.8,12.0,14.3,17.5,20.2,26.5,37.8,38.4,38.3,18.2,21.6,26.9,31.8,37.9
,女,6.1,-,-,-,-,-,-,-,-,-,-,0.0,0.0,0.0,0.5,0.8,1.1,2.0,2.5,4.2,6.0,10.0,13.5,23.6,30.3,29.9,23.7,7.8,16.5,22.2,26.7,29.1
11302　　　その他の肝疾患　　　　　　　　　　　　　　　　　　　　　　　　　　　,総数,8.4,0.8,0.1,-,-,0.1,0.1,0.2,0.0,0.0,0.0,0.1,0.3,0.7,1.8,3.7,6.4,9.6,11.9,14.5,14.3,15.6,14.8,17.5,22.8,24.7,33.4,29.9,17.1,18.8,21.2,24.4
,男,12.8,1.3,0.2,-,-,0.2,0.1,0.3,0.1,0.0,-,0.1,0.4,0.9,2.4,5.3,9.6,14.7,20.0,25.0,25.0,26.8,25.0,28.6,35.4,35.6,38.3,45.5,27.5,29.0,31.9,35.7
,女,4.2,0.3,-,-,-,-,-,0.1,-,-,0.1,0.0,0.2,0.4,1.2,2.0,3.0,4.3,3.8,4.1,4.2,5.7,6.4,9.5,15.6,20.4,32.1,27.3,9.2,12.1,15.0,19.1
11400　　その他の消化器系の疾患　　　　　　　　　　　　　　　　　　　　　　　　,総数,24.5,4.9,0.4,0.2,0.1,0.1,0.2,1.1,0.1,0.1,0.2,0.2,0.3,0.6,0.7,1.2,2.2,3.1,5.7,8.7,14.7,24.7,41.9,77.6,167.4,316.6,540.1,726.4,77.3,123.1,171.2,253.4
,男,23.9,6.2,0.2,0.2,-,0.2,0.2,1.3,-,0.2,0.3,0.3,0.4,0.8,1.1,1.7,3.2,4.8,8.4,12.9,21.1,35.1,58.5,103.1,210.9,370.9,613.3,672.7,81.2,131.9,185.4,278.8
,女,25.1,3.7,0.5,0.3,0.2,-,0.3,0.9,0.1,0.1,0.1,0.1,0.3,0.4,0.3,0.6,1.1,1.4,2.9,4.5,8.6,15.4,28.2,59.4,142.6,295.1,521.6,724.7,74.4,117.3,163.1,241.4
12000　皮膚及び皮下組織の疾患　　　　　　　　　　　　　　　　　　　　　　　　　,総数,3.2,-,-,-,0.1,-,0.0,0.0,0.0,-,0.0,0.0,0.0,0.0,0.1,0.1,0.2,0.3,0.5,1.0,1.5,3.0,4.6,9.7,21.6,43.2,83.7,139.1,10.1,16.4,23.3,35.2
,男,2.6,-,-,-,0.2,-,0.1,0.0,0.0,-,0.0,0.0,-,0.0,0.1,0.1,0.2,0.4,0.6,1.4,2.1,4.2,5.9,10.7,23.8,44.2,75.8,72.7,9.0,14.6,20.9,32.5
,女,3.7,-,-,-,-,-,-,-,-,-,-,-,0.1,0.0,0.1,0.1,0.2,0.2,0.3,0.6,0.9,1.8,3.6,9.0,20.3,42.8,85.7,146.8,10.9,17.5,24.7,36.5
13000　筋骨格系及び結合組織の疾患　　　　　　　　　　　　　　　　　　　　　　　,総数,8.9,0.1,0.1,-,0.1,-,0.1,0.1,0.0,0.0,0.0,0.1,0.1,0.2,0.2,0.5,0.7,1.1,2.1,3.8,6.6,12.3,20.7,39.6,58.7,78.5,111.2,132.2,28.1,42.9,56.0,70.4
,男,7.8,0.3,0.2,-,0.2,-,0.1,0.1,-,0.0,-,0.0,0.1,0.1,0.2,0.5,0.7,1.0,2.4,4.3,6.7,13.3,22.8,42.6,63.4,92.4,108.3,145.5,26.8,42.8,57.3,74.1
,女,10.0,-,-,-,-,-,-,-,0.0,-,0.0,0.1,0.1,0.2,0.2,0.5,0.7,1.2,1.8,3.2,6.5,11.4,19.1,37.5,55.9,73.0,112.0,128.6,29.1,42.9,55.2,68.5
14000　腎尿路生殖器系の疾患　　　　　　　　　　　　　　　　　　　　　　　　　　,総数,41.5,0.1,0.3,-,0.2,-,0.1,0.1,0.1,0.1,0.1,0.2,0.2,0.3,0.5,0.7,1.5,2.3,4.7,8.6,17.3,35.5,66.5,140.8,312.2,598.1,935.6,1162.1,135.3,221.9,314.0,466.0
,男,40.2,0.3,0.2,-,0.2,-,0.1,0.1,0.1,-,0.1,0.3,0.2,0.3,0.6,1.0,1.7,3.0,6.5,11.9,24.2,48.5,89.6,188.0,406.5,791.7,1290.8,1454.5,144.9,248.7,364.5,564.9
,女,42.7,-,0.3,-,0.2,-,0.1,0.1,0.0,0.1,0.1,0.1,0.2,0.3,0.4,0.5,1.2,1.5,2.9,5.4,10.8,23.9,47.5,107.0,258.2,521.5,846.0,1105.2,128.0,204.3,284.8,419.0
14100　　糸球体疾患及び腎尿細管間質性疾患　　　　　　　　　　　　　　　　　　　,総数,4.8,-,-,-,0.1,-,0.0,0.0,-,0.0,0.0,0.1,0.0,0.1,0.1,0.1,0.2,0.3,0.6,1.1,1.9,4.2,8.0,16.0,35.9,66.1,106.0,142.5,15.5,25.3,35.6,52.8
,男,3.9,-,-,-,-,-,-,-,-,-,0.0,0.1,0.0,0.1,0.1,0.1,0.2,0.3,0.6,1.3,2.3,5.5,8.9,18.6,39.4,68.8,109.2,136.4,13.9,23.5,34.1,51.7
,女,5.6,-,-,-,0.2,-,0.1,0.1,-,0.1,0.0,-,0.0,0.1,0.1,0.1,0.2,0.3,0.5,0.9,1.5,3.1,7.3,14.2,34.0,65.0,105.3,141.6,16.7,26.6,36.5,53.3
14200　　腎不全　　　　　　　　　　　　　　　　　　　　　　　　　　　　　　　　,総数,24.9,0.1,-,-,-,-,-,0.0,-,-,0.0,0.1,0.1,0.1,0.3,0.5,1.0,1.6,3.1,5.8,11.9,23.6,42.4,86.2,188.3,344.1,516.1,562.1,81.1,131.4,184.0,269.9
,男,27.1,0.3,-,-,-,-,-,0.0,-,-,0.0,0.1,0.1,0.2,0.3,0.8,1.3,2.4,4.6,8.7,17.3,33.7,62.6,125.9,273.7,518.1,838.3,827.3,97.5,166.4,242.0,373.9
,女,22.8,-,-,-,-,-,-,-,-,-,-,-,0.1,0.1,0.2,0.3,0.7,0.8,1.7,3.0,6.8,14.5,25.9,57.8,139.4,275.1,434.9,516.9,68.4,108.2,150.5,220.5
14201　　　急性腎不全　　　　　　　　　　　　　　　　　　　　　　　　　　　　　,総数,2.6,0.1,-,-,-,-,-,0.0,-,-,-,-,-,-,0.1,0.1,0.1,0.3,0.4,0.5,1.0,2.0,4.0,8.7,19.4,35.2,63.9,70.1,8.3,13.7,19.4,28.9
,男,2.6,0.3,-,-,-,-,-,0.0,-,-,-,-,-,-,0.1,0.2,0.1,0.4,0.5,0.7,1.6,3.0,5.9,12.4,27.4,47.8,87.5,54.5,9.4,16.2,23.6,36.4
,女,2.5,-,-,-,-,-,-,-,-,-,-,-,-,-,0.0,0.0,0.1,0.2,0.3,0.3,0.5,1.2,2.3,6.0,14.8,30.2,58.0,71.4,7.5,12.0,17.0,25.3
14202　　　慢性腎臓病　　　　　　　　　　　　　　　　　　　　　　　　　　　　　,総数,18.4,-,-,-,-,-,-,-,-,-,0.0,0.1,0.1,0.1,0.2,0.3,0.7,1.2,2.4,4.6,9.3,18.8,33.2,65.5,137.7,248.7,348.7,394.3,59.9,96.4,133.8,193.7
,男,20.5,-,-,-,-,-,-,-,-,-,0.0,0.1,0.1,0.1,0.2,0.5,0.9,1.8,3.5,7.0,13.4,26.9,48.8,97.0,201.5,387.6,591.7,663.6,73.8,125.2,180.7,275.8
,女,16.5,-,-,-,-,-,-,-,-,-,-,-,0.1,0.1,0.1,0.2,0.5,0.6,1.2,2.3,5.4,11.5,20.4,42.9,101.3,193.6,287.4,350.6,49.3,77.4,106.6,154.7
14203　　　詳細不明の腎不全　　　　　　　　　　　　　　　　　　　　　　　　　　,総数,3.9,-,-,-,-,-,-,-,-,-,-,-,0.0,0.0,0.0,0.1,0.1,0.2,0.4,0.7,1.6,2.8,5.2,12.1,31.1,60.2,103.5,97.7,12.8,21.3,30.8,47.3
,男,4.0,-,-,-,-,-,-,-,-,-,-,-,0.0,0.1,0.0,0.1,0.3,0.3,0.5,1.0,2.3,3.9,7.8,16.5,44.8,82.6,159.2,109.1,14.3,25.1,37.6,61.7
,女,3.9,-,-,-,-,-,-,-,-,-,-,-,-,-,-,0.1,0.0,0.1,0.2,0.5,0.9,1.8,3.1,8.9,23.3,51.3,89.5,94.8,11.7,18.8,26.9,40.5
14300　　その他の腎尿路生殖器系の疾患　　　　　　　　　　　　　　　　　　　　　,総数,11.8,-,0.3,-,0.1,-,0.1,0.1,0.1,0.0,0.0,0.1,0.0,0.1,0.2,0.1,0.3,0.3,1.0,1.7,3.5,7.7,16.1,38.5,88.0,187.9,313.4,457.5,38.8,65.2,94.4,143.4
,男,9.2,-,0.2,-,0.2,-,0.1,0.1,0.1,-,-,0.1,0.0,0.0,0.1,0.1,0.3,0.3,1.3,1.9,4.6,9.3,18.1,43.5,93.4,204.8,343.3,490.9,33.4,58.8,88.4,139.4
,女,14.3,-,0.3,-,-,-,0.1,0.1,0.0,0.0,0.0,0.1,0.0,0.1,0.2,0.1,0.3,0.4,0.7,1.5,2.5,6.3,14.4,35.0,84.9,181.3,305.9,446.8,42.9,69.5,97.8,145.2
15000　妊娠，分娩及び産じょく　　　　　　　　　　　　　　　　　　　　　　　　　,総数,0.0,-,-,-,-,-,-,-,-,-,-,0.0,0.1,0.2,0.2,0.0,0.0,0.0,-,0.0,0.0,-,-,0.0,0.0,-,-,-,0.0,0.0,0.0,0.0
,男,・,・,・,・,・,・,・,・,・,・,・,・,・,・,・,・,・,・,・,・,・,・,・,・,・,・,・,・,・,・,・,・
,女,0.0,-,-,-,-,-,-,-,-,-,-,0.0,0.1,0.2,0.2,0.0,0.0,0.0,-,0.0,0.0,-,-,0.0,0.0,-,-,-,0.0,0.0,0.0,0.0
16000　周産期に発生した病態　　　　　　　　　　　　　　　　　　　　　　　　　　,総数,0.3,45.9,0.5,-,0.2,-,0.2,8.5,0.0,0.0,0.0,-,-,-,-,-,-,0.0,-,-,-,-,-,-,-,-,-,-,-,-,-,-
,男,0.3,48.0,0.7,-,0.2,-,0.2,8.9,0.0,-,0.1,-,-,-,-,-,-,0.0,-,-,-,-,-,-,-,-,-,-,-,-,-,-
,女,0.3,43.7,0.3,-,0.2,-,0.1,8.0,-,0.0,-,-,-,-,-,-,-,-,-,-,-,-,-,-,-,-,-,-,-,-,-,-
16100　　妊娠期間及び胎児発育に関連する障害　　　　　　　　　　　　　　　　　　,総数,0.0,4.3,-,-,-,-,-,0.8,-,-,-,-,-,-,-,-,-,-,-,-,-,-,-,-,-,-,-,-,-,-,-,-
,男,0.0,4.8,-,-,-,-,-,0.9,-,-,-,-,-,-,-,-,-,-,-,-,-,-,-,-,-,-,-,-,-,-,-,-
,女,0.0,3.7,-,-,-,-,-,0.7,-,-,-,-,-,-,-,-,-,-,-,-,-,-,-,-,-,-,-,-,-,-,-,-
16200　　出産外傷　　　　　　　　　　　　　　　　　　　　　　　　　　　　　　　,総数,0.0,0.5,-,-,-,-,-,0.1,-,-,-,-,-,-,-,-,-,-,-,-,-,-,-,-,-,-,-,-,-,-,-,-
,男,0.0,1.1,-,-,-,-,-,0.2,-,-,-,-,-,-,-,-,-,-,-,-,-,-,-,-,-,-,-,-,-,-,-,-
,女,-,-,-,-,-,-,-,-,-,-,-,-,-,-,-,-,-,-,-,-,-,-,-,-,-,-,-,-,-,-,-,-
16300　　周産期に特異的な呼吸障害及び心血管障害　　　　　　　　　　　　　　　　,総数,0.2,25.8,0.1,-,-,-,0.0,4.7,-,-,-,-,-,-,-,-,-,-,-,-,-,-,-,-,-,-,-,-,-,-,-,-
,男,0.2,26.3,0.2,-,-,-,0.1,4.8,-,-,-,-,-,-,-,-,-,-,-,-,-,-,-,-,-,-,-,-,-,-,-,-
,女,0.1,25.4,-,-,-,-,-,4.6,-,-,-,-,-,-,-,-,-,-,-,-,-,-,-,-,-,-,-,-,-,-,-,-
16400　　周産期に特異的な感染症　　　　　　　　　　　　　　　　　　　　　　　　,総数,0.0,2.3,-,-,-,-,-,0.4,-,-,-,-,-,-,-,-,-,0.0,-,-,-,-,-,-,-,-,-,-,-,-,-,-
,男,0.0,2.7,-,-,-,-,-,0.5,-,-,-,-,-,-,-,-,-,0.0,-,-,-,-,-,-,-,-,-,-,-,-,-,-
,女,0.0,2.0,-,-,-,-,-,0.4,-,-,-,-,-,-,-,-,-,-,-,-,-,-,-,-,-,-,-,-,-,-,-,-
16500　　胎児及び新生児の出血性障害及び血液障害　　　　　　　　　　　　　　　　,総数,0.0,6.9,-,-,-,-,-,1.2,-,-,-,-,-,-,-,-,-,-,-,-,-,-,-,-,-,-,-,-,-,-,-,-
,男,0.1,8.3,-,-,-,-,-,1.5,-,-,-,-,-,-,-,-,-,-,-,-,-,-,-,-,-,-,-,-,-,-,-,-
,女,0.0,5.4,-,-,-,-,-,1.0,-,-,-,-,-,-,-,-,-,-,-,-,-,-,-,-,-,-,-,-,-,-,-,-
16600　　その他の周産期に発生した病態　　　　　　　　　　　　　　　　　　　　　,総数,0.0,6.0,0.4,-,0.2,-,0.2,1.2,0.0,0.0,0.0,-,-,-,-,-,-,-,-,-,-,-,-,-,-,-,-,-,-,-,-,-
,男,0.0,4.8,0.5,-,0.2,-,0.2,1.0,0.0,-,0.1,-,-,-,-,-,-,-,-,-,-,-,-,-,-,-,-,-,-,-,-,-
,女,0.0,7.3,0.3,-,0.2,-,0.1,1.4,-,0.0,-,-,-,-,-,-,-,-,-,-,-,-,-,-,-,-,-,-,-,-,-,-
17000　先天奇形，変形及び染色体異常　　　　　　　　　　　　　　　　　　　　　　,総数,1.7,63.8,7.7,3.7,4.0,2.3,4.4,15.2,0.8,0.8,0.6,0.6,0.6,0.6,0.7,0.7,0.6,0.9,0.9,1.3,1.3,1.6,1.5,2.0,3.8,6.3,11.1,9.2,2.3,2.9,3.7,5.3
,男,1.7,62.3,7.0,3.6,4.1,2.1,4.1,14.7,0.8,0.9,0.8,0.6,0.7,0.7,0.8,0.7,0.6,1.0,1.0,1.3,1.5,1.8,1.8,2.0,3.7,6.0,13.3,-,2.2,2.7,3.3,4.8
,女,1.7,65.4,8.4,3.8,4.0,2.6,4.6,15.7,0.9,0.6,0.4,0.5,0.5,0.5,0.7,0.6,0.6,0.9,0.9,1.3,1.1,1.5,1.3,2.0,3.8,6.4,10.5,10.4,2.3,3.1,4.0,5.5
17100　　神経系の先天奇形　　　　　　　　　　　　　　　　　　　　　　　　　　　,総数,0.1,2.6,0.8,0.1,0.2,-,0.3,0.7,0.2,0.1,0.1,0.1,0.1,0.0,0.0,0.0,0.0,0.0,0.0,0.0,0.0,0.0,0.1,0.1,0.1,-,-,-,0.0,0.1,0.0,0.0
,男,0.1,1.6,0.7,0.2,0.2,-,0.3,0.5,0.2,0.1,0.1,0.0,0.0,-,0.1,0.1,0.0,0.0,0.0,0.1,0.0,0.0,0.0,0.0,-,-,-,-,0.0,0.0,0.0,-
,女,0.1,3.7,0.8,-,0.2,-,0.3,0.9,0.1,0.1,0.1,0.1,0.1,0.0,-,0.0,0.0,0.0,0.0,-,-,0.0,0.1,0.1,0.1,-,-,-,0.0,0.1,0.1,0.1
17200　　循環器系の先天奇形　　　　　　　　　　　　　　　　　　　　　　　　　　,総数,0.7,20.1,2.9,1.0,1.3,0.8,1.5,4.9,0.2,0.3,0.3,0.2,0.3,0.3,0.4,0.4,0.2,0.3,0.2,0.4,0.2,0.5,0.4,0.9,1.7,4.6,9.4,6.9,1.0,1.6,2.2,3.4
,男,0.6,20.1,2.2,1.0,1.7,1.1,1.5,4.9,0.3,0.4,0.4,0.2,0.3,0.4,0.4,0.3,0.2,0.3,0.2,0.4,0.3,0.5,0.6,0.8,1.5,2.9,10.0,-,0.8,1.1,1.5,2.4
,女,0.7,20.0,3.7,1.0,1.0,0.5,1.5,4.9,0.2,0.2,0.2,0.2,0.2,0.2,0.3,0.4,0.2,0.3,0.2,0.3,0.2,0.4,0.3,1.1,1.9,5.3,9.2,7.8,1.2,1.8,2.6,3.8
17201　　　心臓の先天奇形　　　　　　　　　　　　　　　　　　　　　　　　　　　,総数,0.4,14.4,1.9,0.6,1.1,0.7,1.1,3.5,0.2,0.3,0.3,0.2,0.3,0.3,0.3,0.3,0.2,0.2,0.2,0.2,0.2,0.4,0.2,0.6,0.8,1.7,2.0,-,0.5,0.7,0.9,1.2
,男,0.4,14.2,2.0,0.7,1.4,0.9,1.3,3.6,0.3,0.3,0.3,0.2,0.3,0.4,0.4,0.3,0.2,0.2,0.2,0.2,0.3,0.4,0.3,0.4,0.9,1.5,0.8,-,0.5,0.6,0.7,1.1
,女,0.4,14.7,1.8,0.5,0.7,0.5,0.9,3.4,0.1,0.2,0.2,0.1,0.2,0.2,0.2,0.4,0.2,0.3,0.1,0.2,0.1,0.3,0.1,0.8,0.8,1.8,2.3,-,0.5,0.7,1.1,1.3
17202　　　その他の循環器系の先天奇形　　　　　　　　　　　　　　　　　　　　　,総数,0.2,5.6,1.0,0.4,0.2,0.1,0.4,1.4,0.0,0.1,0.1,0.1,-,0.0,0.1,0.1,0.0,0.1,0.0,0.1,0.0,0.1,0.2,0.3,0.9,2.9,7.4,6.9,0.5,0.9,1.3,2.2
,男,0.2,5.9,0.2,0.2,0.2,0.2,0.2,1.3,-,0.0,0.1,0.1,-,-,0.1,0.1,-,0.1,-,0.2,-,0.1,0.3,0.4,0.6,1.4,9.2,-,0.3,0.6,0.8,1.3
,女,0.3,5.4,1.8,0.5,0.2,-,0.6,1.5,0.0,0.1,0.0,0.0,-,0.1,0.1,0.1,0.0,0.0,0.0,0.1,0.1,0.1,0.1,0.3,1.1,3.5,6.9,7.8,0.7,1.1,1.6,2.6
17300　　消化器系の先天奇形　　　　　　　　　　　　　　　　　　　　　　　　　　,総数,0.1,2.1,-,0.6,0.1,-,0.2,0.5,-,-,0.0,0.0,0.0,0.1,-,0.0,0.0,0.0,0.0,0.0,0.0,0.1,0.1,0.1,0.3,0.2,0.5,1.1,0.1,0.2,0.2,0.3
,男,0.1,2.4,-,0.2,-,-,0.1,0.5,-,-,0.0,0.0,0.0,0.0,-,0.1,0.0,-,0.0,0.0,0.1,0.1,0.1,0.1,0.3,0.5,0.8,-,0.1,0.2,0.3,0.4
,女,0.1,1.7,-,1.0,0.2,-,0.3,0.6,-,-,-,-,-,0.1,-,-,0.0,0.0,0.0,-,0.0,0.1,0.1,0.1,0.2,0.1,0.4,1.3,0.1,0.2,0.2,0.2
17400　　その他の先天奇形及び変形　　　　　　　　　　　　　　　　　　　　　　　,総数,0.5,18.1,0.6,0.6,0.4,-,0.4,3.6,0.1,0.2,0.1,0.2,0.2,0.2,0.2,0.1,0.1,0.2,0.2,0.3,0.4,0.8,0.8,0.8,1.7,1.5,1.2,1.1,0.9,1.1,1.2,1.6
,男,0.5,19.1,1.0,0.7,0.7,-,0.6,4.0,0.1,0.2,0.1,0.2,0.2,0.2,0.2,0.2,0.2,0.2,0.3,0.2,0.5,0.9,0.9,1.0,1.8,2.6,2.5,-,1.0,1.2,1.5,2.0
,女,0.5,17.2,0.3,0.5,-,-,0.2,3.3,0.1,0.2,0.0,0.1,0.1,0.1,0.2,0.1,0.1,0.1,0.2,0.3,0.3,0.7,0.8,0.7,1.6,1.0,0.8,1.3,0.8,1.0,1.1,1.3
17500　　染色体異常，他に分類されないもの　　　　　　　　　　　　　　　　　　　,総数,0.4,20.9,3.3,1.4,2.0,1.5,2.0,5.4,0.3,0.2,0.1,0.1,0.1,0.0,0.1,0.1,0.2,0.4,0.4,0.6,0.6,0.3,0.1,0.0,0.0,-,-,-,0.2,0.1,0.0,0.0
,男,0.4,19.1,3.0,1.4,1.4,0.9,1.7,4.8,0.2,0.3,0.1,0.1,0.2,0.0,0.1,0.1,0.1,0.4,0.5,0.5,0.6,0.2,0.1,0.0,-,-,-,-,0.2,0.1,0.0,-
,女,0.4,22.8,3.7,1.3,2.5,2.2,2.4,6.1,0.4,0.1,0.0,0.1,0.1,-,0.2,0.1,0.2,0.4,0.4,0.7,0.6,0.3,0.1,-,0.0,-,-,-,0.2,0.0,0.0,0.0
18000　症状，徴候及び異常臨床所見・異常検査所見で他に分類されないもの　　　　　,総数,185.8,25.0,3.6,2.0,0.6,0.8,1.7,5.9,0.1,0.2,0.6,1.3,2.0,2.4,3.2,4.2,7.7,13.2,20.8,30.5,45.4,75.4,130.2,355.5,1091.6,3180.2,8442.6,21769.0,605.0,1040.2,1579.0,2652.9
,男,128.6,27.4,5.2,2.2,0.7,0.9,2.2,6.8,0.0,0.1,0.4,1.4,2.3,2.8,4.6,6.0,11.4,20.8,34.2,50.1,75.6,119.3,176.8,417.2,1142.2,3130.3,8024.2,18509.1,448.5,785.6,1228.4,2150.0
,女,239.9,22.6,1.8,1.8,0.5,0.7,1.2,5.1,0.3,0.2,0.8,1.2,1.6,2.0,1.8,2.4,3.9,5.5,7.4,11.2,16.6,36.2,92.0,311.2,1062.7,3202.3,8548.1,21951.9,724.9,1208.3,1781.9,2891.9
18100　　老衰　　　　　　　　　　　　　　　　　　　　　　　　　　　　　　　　　,総数,156.7,-,-,-,-,-,-,-,-,-,-,-,-,-,-,-,-,-,-,1.0,3.9,18.8,66.4,269.2,967.0,3004.5,8190.6,21478.2,527.1,939.7,1456.8,2499.1
,男,90.4,-,-,-,-,-,-,-,-,-,-,-,-,-,-,-,-,-,-,1.3,5.5,25.3,79.2,296.5,969.5,2898.3,7685.0,18218.2,340.5,653.5,1071.2,1951.4
,女,219.4,-,-,-,-,-,-,-,-,-,-,-,-,-,-,-,-,-,-,0.7,2.3,13.1,55.9,249.6,965.6,3048.9,8318.1,21664.9,670.0,1128.7,1679.9,2759.5
18200　　乳幼児突然死症候群　　　　　　　　　　　　　　　　　　　　　　　　　　,総数,0.0,6.3,0.3,-,-,-,0.1,1.2,-,-,-,-,-,-,-,-,-,-,-,-,-,-,-,-,-,-,-,-,-,-,-,-
,男,0.0,6.2,0.2,-,-,-,0.1,1.2,-,-,-,-,-,-,-,-,-,-,-,-,-,-,-,-,-,-,-,-,-,-,-,-
,女,0.0,6.5,0.3,-,-,-,0.1,1.2,-,-,-,-,-,-,-,-,-,-,-,-,-,-,-,-,-,-,-,-,-,-,-,-
18300　　その他の症状，徴候及び異常臨床所見・異常検査所見で他に分類されないもの,総数,29.1,18.7,3.3,2.0,0.6,0.8,1.7,4.7,0.1,0.2,0.6,1.3,2.0,2.4,3.2,4.2,7.7,13.2,20.8,29.5,41.5,56.6,63.8,86.3,124.6,175.7,252.0,290.8,77.9,100.5,122.2,153.7
,男,38.1,21.2,5.0,2.2,0.7,0.9,2.2,5.6,0.0,0.1,0.4,1.4,2.3,2.8,4.6,6.0,11.4,20.8,34.2,48.7,70.0,94.0,97.6,120.8,172.7,232.0,339.2,290.9,108.0,132.1,157.2,198.6
,女,20.5,16.1,1.6,1.8,0.5,0.7,1.1,3.8,0.3,0.2,0.8,1.2,1.6,2.0,1.8,2.4,3.9,5.5,7.4,10.5,14.3,23.2,36.1,61.6,97.1,153.4,230.0,287.0,54.9,79.6,102.0,132.4
20000　傷病及び死亡の外因　　　　　　　　　　　　　　　　　　　　　　　　　　　,総数,61.4,14.6,3.1,2.3,1.5,1.2,2.0,4.3,1.3,3.7,16.3,26.8,25.2,24.7,25.4,27.3,30.3,35.1,39.1,41.6,50.6,69.6,103.4,167.9,285.6,434.6,676.7,988.5,145.5,213.2,278.2,375.1
,男,76.5,15.0,3.5,3.9,2.6,1.4,2.8,5.0,1.5,3.8,18.5,33.5,33.8,35.2,37.1,39.7,44.5,49.2,56.6,61.5,74.1,101.3,146.9,242.8,431.7,705.0,1078.3,1309.1,188.4,284.5,384.7,545.9
,女,47.0,14.1,2.6,0.8,0.2,1.0,1.1,3.5,1.0,3.6,14.0,19.7,16.2,13.8,13.3,14.5,15.6,20.6,21.5,21.9,28.4,41.3,67.7,114.3,202.0,327.2,575.4,929.9,112.6,166.1,216.6,293.9
20100　　不慮の事故　　　　　　　　　　　　　　　　　　　　　　　　　　　　　　,総数,36.7,10.0,2.6,1.4,0.9,0.8,1.4,2.9,1.0,1.0,3.2,4.5,3.4,3.4,4.2,4.7,6.3,8.9,12.4,17.5,27.0,43.5,71.5,127.4,229.5,359.5,558.7,775.9,108.3,166.2,222.3,305.6
,男,43.4,10.5,3.0,2.4,1.7,1.1,2.0,3.6,1.2,1.2,4.7,7.0,5.4,4.9,6.4,7.2,9.4,13.1,18.6,27.0,40.3,63.6,99.8,181.6,342.8,586.2,920.8,1181.8,137.2,218.5,304.9,444.9
,女,30.3,9.6,2.1,0.3,-,0.5,0.7,2.3,0.7,0.8,1.6,1.9,1.4,1.7,1.9,2.2,3.0,4.5,6.2,8.1,14.4,25.6,48.3,88.6,164.6,269.5,467.4,707.8,86.2,131.7,174.5,239.4
20101　　　交通事故　　　　　　　　　　　　　　　　　　　　　　　　　　　　　　,総数,2.9,0.5,1.0,0.2,0.1,0.4,0.4,0.4,0.3,0.3,1.7,2.6,1.3,1.1,1.4,1.7,1.8,1.9,2.7,3.2,3.7,4.4,5.9,7.6,9.9,8.1,4.0,3.4,5.9,7.3,8.2,8.8
,男,4.2,0.5,1.2,0.5,0.2,0.5,0.6,0.6,0.3,0.5,2.8,4.2,2.3,1.9,2.2,2.8,2.8,3.3,4.4,5.2,5.5,6.4,7.8,10.4,14.3,13.6,7.5,18.2,8.1,10.2,11.9,13.7
,女,1.8,0.6,0.8,-,-,0.2,0.3,0.3,0.3,0.2,0.5,0.9,0.3,0.3,0.5,0.5,0.8,0.6,1.0,1.3,1.9,2.5,4.3,5.6,7.5,6.0,3.2,1.3,4.1,5.4,6.1,6.4
20102　　　転倒・転落・墜落　　　　　　　　　　　　　　　　　　　　　　　　　　,総数,9.7,0.1,-,0.4,-,0.1,0.1,0.1,-,0.1,0.3,0.5,0.3,0.3,0.4,0.6,1.0,1.2,1.8,2.7,4.1,5.9,13.0,28.0,64.6,146.6,281.5,460.9,30.7,51.2,73.9,114.1
,男,10.3,-,-,0.7,-,-,0.2,0.1,-,0.0,0.5,0.6,0.5,0.4,0.7,0.9,1.6,2.0,2.8,4.5,7.0,9.8,19.7,41.8,92.9,214.8,404.2,545.5,35.0,60.6,90.3,145.4
,女,9.2,0.3,-,-,-,0.2,0.1,0.1,-,0.1,0.2,0.3,0.1,0.2,0.2,0.3,0.4,0.4,0.8,0.9,1.4,2.3,7.5,18.1,48.5,119.5,250.6,442.9,27.4,45.1,64.4,99.3
20103　　　不慮の溺死及び溺水　　　　　　　　　　　　　　　　　　　　　　　　　,総数,7.4,-,0.4,-,0.6,0.1,0.3,0.2,0.5,0.4,0.6,0.4,0.5,0.5,0.4,0.5,0.6,1.1,1.5,2.7,6.5,12.2,21.1,35.5,48.7,44.8,36.7,14.9,23.0,33.7,41.1,46.0
,男,8.2,-,-,-,1.2,0.2,0.4,0.3,0.8,0.6,0.8,0.7,0.8,0.8,0.6,0.8,0.7,1.5,2.1,3.9,8.7,16.1,25.5,42.1,64.5,74.7,80.8,27.3,27.7,42.1,54.2,68.0
,女,6.7,-,0.8,-,-,-,0.2,0.2,0.1,0.3,0.3,0.2,0.2,0.2,0.2,0.2,0.4,0.7,0.8,1.6,4.4,8.7,17.5,30.7,39.7,33.0,25.6,13.0,19.4,28.1,33.5,35.6
20104　　　不慮の窒息　　　　　　　　　　　　　　　　　　　　　　　　　　　　　,総数,7.1,8.9,1.2,0.5,0.1,0.1,0.5,2.0,0.1,0.0,0.1,0.2,0.4,0.3,0.5,0.6,0.9,1.6,2.3,3.0,4.5,7.8,13.8,24.5,47.0,76.2,122.8,172.4,21.6,33.8,45.7,64.3
,男,7.6,9.1,1.7,0.7,0.2,0.2,0.7,2.2,0.0,0.0,0.1,0.4,0.7,0.4,0.7,0.7,1.2,2.1,2.9,4.2,5.8,10.2,18.9,35.2,66.5,109.3,150.0,209.1,25.1,41.4,57.8,83.4
,女,6.7,8.7,0.5,0.3,-,-,0.2,1.7,0.1,0.0,0.1,0.0,0.2,0.3,0.3,0.5,0.5,1.1,1.7,1.8,3.3,5.6,9.6,16.8,35.9,63.1,116.0,164.9,18.9,28.8,38.7,55.2
20105　　　煙，火及び火炎への曝露　　　　　　　　　　　　　　　　　　　　　　　,総数,0.8,-,-,-,-,0.1,0.0,0.0,0.1,0.0,0.0,-,0.1,0.1,0.2,0.1,0.3,0.4,0.7,0.8,1.1,1.4,1.8,2.6,4.4,4.1,4.4,2.3,2.2,2.9,3.5,4.3
,男,1.1,-,-,-,-,0.2,0.1,0.0,0.1,0.0,0.1,-,0.1,0.0,0.3,0.2,0.4,0.4,1.0,1.3,1.7,2.3,2.5,3.7,7.0,6.9,10.0,9.1,3.1,4.1,5.3,7.1
,女,0.6,-,-,-,-,-,-,-,0.1,-,-,-,0.0,0.1,0.1,0.1,0.2,0.3,0.3,0.3,0.6,0.6,1.3,1.9,2.9,2.9,2.9,1.3,1.5,2.1,2.5,2.9
20106　　　有害物質による不慮の中毒及び有害物質への曝露　　　　　　　　　　　　,総数,0.4,-,-,-,-,-,-,-,-,0.0,0.3,0.4,0.4,0.5,0.4,0.5,0.5,0.7,0.6,0.4,0.4,0.5,0.3,0.5,0.8,1.3,0.5,-,0.5,0.6,0.7,0.9
,男,0.6,-,-,-,-,-,-,-,-,-,0.2,0.3,0.5,0.6,0.6,0.6,0.6,0.8,0.8,0.6,0.7,0.7,0.4,0.9,1.2,1.7,0.8,-,0.8,0.8,1.1,1.3
,女,0.3,-,-,-,-,-,-,-,-,0.0,0.4,0.4,0.4,0.3,0.2,0.4,0.4,0.7,0.4,0.3,0.2,0.2,0.2,0.2,0.6,1.1,0.4,-,0.3,0.4,0.5,0.7
20107　　　その他の不慮の事故　　　　　　　　　　　　　　　　　　　　　　　　　,総数,8.2,0.4,-,0.2,-,-,0.1,0.1,0.0,0.1,0.1,0.5,0.4,0.6,0.8,0.7,1.2,1.9,2.9,4.6,6.7,11.4,15.6,28.7,54.0,78.4,108.7,121.8,24.5,36.7,49.2,67.2
,男,11.4,0.8,-,0.5,-,-,0.1,0.2,-,0.1,0.2,0.8,0.6,0.9,1.2,1.2,2.0,3.1,4.6,7.4,10.9,18.0,24.9,47.5,96.5,165.2,267.5,372.7,37.4,59.3,84.3,126.0
,女,5.1,-,-,-,-,-,-,-,0.0,0.0,0.1,0.1,0.2,0.3,0.4,0.1,0.4,0.7,1.2,1.9,2.6,5.5,8.0,15.2,29.6,43.9,68.7,84.4,14.6,21.8,28.9,39.2
20200　　自殺　　　　　　　　　　　　　　　　　　　　　　　　　　　　　　　　　,総数,17.4,-,-,-,-,-,-,-,0.0,2.3,12.1,20.8,20.4,19.9,19.6,20.9,21.7,23.4,22.8,19.7,16.7,16.4,18.0,18.5,19.1,17.9,14.1,10.3,17.5,18.2,18.3,18.2
,男,24.4,-,-,-,-,-,-,-,-,2.1,12.7,24.8,26.7,28.2,28.3,30.2,31.7,32.3,32.0,27.7,23.3,23.2,26.1,28.2,33.4,38.6,40.8,18.2,26.3,29.2,31.4,35.1
,女,10.7,-,-,-,-,-,-,-,0.0,2.6,11.5,16.5,13.7,11.2,10.5,11.2,11.3,14.3,13.4,11.7,10.3,10.4,11.3,11.6,10.9,9.7,7.4,9.1,10.7,10.9,10.8,10.1
20300　　他殺　　　　　　　　　　　　　　　　　　　　　　　　　　　　　　　　　,総数,0.2,0.4,0.1,0.1,0.1,-,0.1,0.1,0.1,-,0.1,0.1,0.1,0.1,0.1,0.2,0.1,0.1,0.2,0.1,0.3,0.3,0.3,0.4,0.4,0.6,-,-,0.3,0.4,0.4,0.4
,男,0.2,0.3,-,-,0.2,-,0.1,0.1,0.2,-,-,0.2,0.1,0.2,0.1,0.3,0.1,0.2,0.2,0.2,0.3,0.2,0.2,0.6,0.3,0.9,-,-,0.3,0.4,0.5,0.5
,女,0.2,0.6,0.3,0.3,-,-,0.1,0.2,0.1,-,0.2,0.1,0.1,0.1,0.1,0.1,0.1,0.1,0.1,0.1,0.3,0.4,0.3,0.4,0.5,0.5,-,-,0.4,0.4,0.4,0.4
20400　　その他の外因　　　　　　　　　　　　　　　　　　　　　　　　　　　　　,総数,7.2,4.1,0.4,0.9,0.5,0.4,0.5,1.2,0.1,0.4,0.9,1.4,1.3,1.4,1.6,1.4,2.3,2.7,3.8,4.2,6.6,9.3,13.6,21.6,36.6,56.5,103.9,202.3,19.4,28.4,37.2,50.8
,男,8.5,4.3,0.5,1.4,0.7,0.2,0.7,1.4,0.1,0.6,1.1,1.6,1.6,1.8,2.3,1.9,3.3,3.6,5.7,6.5,10.1,14.2,20.8,32.4,55.2,79.3,116.7,109.1,24.6,36.4,47.8,65.4
,女,5.8,3.9,0.3,0.3,0.2,0.5,0.3,1.0,0.2,0.3,0.7,1.2,1.0,0.9,0.8,1.0,1.2,1.8,1.9,2.0,3.3,4.9,7.8,13.8,26.0,47.5,100.6,213.0,15.4,23.1,31.0,43.9
22000　特殊目的用コード　　　　　　　　　　　　　　　　　　　　　　　　　　　　,総数,31.5,0.8,1.4,0.4,0.2,0.5,0.6,0.6,0.1,0.3,0.2,0.2,0.2,0.3,0.3,0.6,1.1,1.9,3.3,6.8,12.9,25.9,48.5,100.9,227.0,438.4,820.5,1528.7,102.4,168.5,239.6,361.3
,男,34.4,0.8,0.7,0.2,0.2,0.2,0.4,0.4,0.1,0.2,0.2,0.2,0.3,0.4,0.3,0.7,1.3,2.5,4.6,10.0,20.1,39.6,75.0,156.0,350.6,685.0,1270.0,1936.4,124.5,215.1,317.1,500.0
,女,28.6,0.8,2.1,0.5,0.2,0.7,0.9,0.9,0.1,0.4,0.2,0.1,0.1,0.1,0.3,0.6,0.9,1.3,2.0,3.6,5.9,13.6,26.8,61.4,156.3,340.5,707.1,1450.6,85.5,137.7,194.8,295.4
22100　　重症急性呼吸器症候群［ＳＡＲＳ］　　　　　　　　　　　　　　　　　　　,総数,-,-,-,-,-,-,-,-,-,-,-,-,-,-,-,-,-,-,-,-,-,-,-,-,-,-,-,-,-,-,-,-
,男,-,-,-,-,-,-,-,-,-,-,-,-,-,-,-,-,-,-,-,-,-,-,-,-,-,-,-,-,-,-,-,-
,女,-,-,-,-,-,-,-,-,-,-,-,-,-,-,-,-,-,-,-,-,-,-,-,-,-,-,-,-,-,-,-,-
22200　　その他の特殊目的用コード　　　　　　　　　　　　　　　　　　　　　　　,総数,31.5,0.8,1.4,0.4,0.2,0.5,0.6,0.6,0.1,0.3,0.2,0.2,0.2,0.3,0.3,0.6,1.1,1.9,3.3,6.8,12.9,25.9,48.5,100.9,227.0,438.4,820.5,1528.7,102.4,168.5,239.6,361.3
,男,34.4,0.8,0.7,0.2,0.2,0.2,0.4,0.4,0.1,0.2,0.2,0.2,0.3,0.4,0.3,0.7,1.3,2.5,4.6,10.0,20.1,39.6,75.0,156.0,350.6,685.0,1270.0,1936.4,124.5,215.1,317.1,500.0
,女,28.6,0.8,2.1,0.5,0.2,0.7,0.9,0.9,0.1,0.4,0.2,0.1,0.1,0.1,0.3,0.6,0.9,1.3,2.0,3.6,5.9,13.6,26.8,61.4,156.3,340.5,707.1,1450.6,85.5,137.7,194.8,295.4
22201　　　新型コロナウイルス感染症　　　　　　　　　　　　　　　　　　　　　　,総数,31.4,0.8,1.4,0.4,0.2,0.5,0.6,0.6,0.1,0.3,0.2,0.2,0.2,0.3,0.3,0.6,1.1,1.9,3.3,6.8,12.9,25.9,48.5,100.7,226.7,438.1,819.8,1528.7,102.3,168.4,239.3,361.0
,男,34.4,0.8,0.7,0.2,0.2,0.2,0.4,0.4,0.1,0.2,0.2,0.2,0.3,0.4,0.3,0.7,1.3,2.5,4.6,10.0,20.1,39.6,75.0,155.9,350.1,684.5,1270.0,1936.4,124.4,214.9,316.8,499.6
,女,28.6,0.8,2.1,0.5,0.2,0.7,0.9,0.9,0.1,0.4,0.2,0.1,0.1,0.1,0.3,0.6,0.9,1.3,2.0,3.6,5.9,13.6,26.7,61.3,156.1,340.3,706.3,1450.6,85.4,137.6,194.6,295.2
22202　　　新型コロナウイルス感染症ワクチン　　　　　　　　　　　　　　　　　　,総数,0.0,-,-,-,-,-,-,-,-,-,-,-,-,-,-,-,-,-,-,-,-,0.0,0.0,0.1,0.3,0.3,0.7,-,0.1,0.2,0.2,0.3
,男,0.0,-,-,-,-,-,-,-,-,-,-,-,-,-,-,-,-,-,-,-,-,0.0,0.0,0.2,0.5,0.5,-,-,0.1,0.2,0.3,0.5
,女,0.0,-,-,-,-,-,-,-,-,-,-,-,-,-,-,-,-,-,-,-,-,-,0.0,0.1,0.2,0.2,0.8,-,0.1,0.1,0.2,0.3
22203　　　その他の特殊目的用コード（22201及び22202を除く）　　　　　　　　　　,総数,-,-,-,-,-,-,-,-,-,-,-,-,-,-,-,-,-,-,-,-,-,-,-,-,-,-,-,-,-,-,-,-
,男,-,-,-,-,-,-,-,-,-,-,-,-,-,-,-,-,-,-,-,-,-,-,-,-,-,-,-,-,-,-,-,-
,女,-,-,-,-,-,-,-,-,-,-,-,-,-,-,-,-,-,-,-,-,-,-,-,-,-,-,-,-,-,-,-,-
